file,line,type,commit,author,date,time,timezone,datetime,depth,length
style.css,1,css,cf81bcd3,dhp003,2025-01-10,14:33:48,-08:00,2025-01-10T14:33:48-08:00,0,5
style.css,2,css,78c3a06d,dhp003,2025-01-17,14:40:19,-08:00,2025-01-17T14:40:19-08:00,0,72
style.css,3,css,78c3a06d,dhp003,2025-01-17,14:40:19,-08:00,2025-01-17T14:40:19-08:00,0,24
style.css,4,css,78c3a06d,dhp003,2025-01-17,14:40:19,-08:00,2025-01-17T14:40:19-08:00,0,16
style.css,5,css,78c3a06d,dhp003,2025-01-17,14:40:19,-08:00,2025-01-17T14:40:19-08:00,0,43
style.css,6,css,78c3a06d,dhp003,2025-01-17,14:40:19,-08:00,2025-01-17T14:40:19-08:00,0,19
style.css,7,css,78c3a06d,dhp003,2025-01-17,14:40:19,-08:00,2025-01-17T14:40:19-08:00,0,0
style.css,8,css,78c3a06d,dhp003,2025-01-17,14:40:19,-08:00,2025-01-17T14:40:19-08:00,0,0
style.css,9,css,78c3a06d,dhp003,2025-01-17,14:40:19,-08:00,2025-01-17T14:40:19-08:00,0,4
style.css,10,css,6dd0a816,dhp003,2025-01-17,15:53:30,-08:00,2025-01-17T15:53:30-08:00,0,13
style.css,11,css,6dd0a816,dhp003,2025-01-17,15:53:30,-08:00,2025-01-17T15:53:30-08:00,0,29
style.css,12,css,6dd0a816,dhp003,2025-01-17,15:53:30,-08:00,2025-01-17T15:53:30-08:00,0,18
style.css,13,css,cb8bae72,dhp003,2025-01-24,18:29:52,-08:00,2025-01-24T18:29:52-08:00,0,49
style.css,14,css,cb8bae72,dhp003,2025-01-24,18:29:52,-08:00,2025-01-24T18:29:52-08:00,0,40
style.css,15,css,cb8bae72,dhp003,2025-01-24,18:29:52,-08:00,2025-01-24T18:29:52-08:00,0,40
style.css,16,css,78c3a06d,dhp003,2025-01-17,14:40:19,-08:00,2025-01-17T14:40:19-08:00,0,0
style.css,17,css,53a3582b,dhp003,2025-01-17,14:24:46,-08:00,2025-01-17T14:24:46-08:00,0,0
style.css,18,css,78c3a06d,dhp003,2025-01-17,14:40:19,-08:00,2025-01-17T14:40:19-08:00,0,6
style.css,19,css,6dd0a816,dhp003,2025-01-17,15:53:30,-08:00,2025-01-17T15:53:30-08:00,0,7
style.css,20,css,6dd0a816,dhp003,2025-01-17,15:53:30,-08:00,2025-01-17T15:53:30-08:00,0,21
style.css,21,css,6dd0a816,dhp003,2025-01-17,15:53:30,-08:00,2025-01-17T15:53:30-08:00,0,14
style.css,22,css,6dd0a816,dhp003,2025-01-17,15:53:30,-08:00,2025-01-17T15:53:30-08:00,0,18
style.css,23,css,6dd0a816,dhp003,2025-01-17,15:53:30,-08:00,2025-01-17T15:53:30-08:00,0,14
style.css,24,css,78c3a06d,dhp003,2025-01-17,14:40:19,-08:00,2025-01-17T14:40:19-08:00,0,0
style.css,25,css,53a3582b,dhp003,2025-01-17,14:24:46,-08:00,2025-01-17T14:24:46-08:00,0,0
style.css,26,css,78c3a06d,dhp003,2025-01-17,14:40:19,-08:00,2025-01-17T14:40:19-08:00,0,32
style.css,27,css,78c3a06d,dhp003,2025-01-17,14:40:19,-08:00,2025-01-17T14:40:19-08:00,0,14
style.css,28,css,cb8bae72,dhp003,2025-01-24,18:29:52,-08:00,2025-01-24T18:29:52-08:00,0,51
style.css,29,css,6dd0a816,dhp003,2025-01-17,15:53:30,-08:00,2025-01-17T15:53:30-08:00,0,21
style.css,30,css,78c3a06d,dhp003,2025-01-17,14:40:19,-08:00,2025-01-17T14:40:19-08:00,0,0
style.css,31,css,53a3582b,dhp003,2025-01-17,14:24:46,-08:00,2025-01-17T14:24:46-08:00,0,0
style.css,32,css,33e91c79,dhp003,2025-01-17,15:12:53,-08:00,2025-01-17T15:12:53-08:00,0,35
style.css,33,css,78c3a06d,dhp003,2025-01-17,14:40:19,-08:00,2025-01-17T14:40:19-08:00,0,6
style.css,34,css,6dd0a816,dhp003,2025-01-17,15:53:30,-08:00,2025-01-17T15:53:30-08:00,0,32
style.css,35,css,cb8bae72,dhp003,2025-01-24,18:29:52,-08:00,2025-01-24T18:29:52-08:00,0,24
style.css,36,css,78c3a06d,dhp003,2025-01-17,14:40:19,-08:00,2025-01-17T14:40:19-08:00,0,0
style.css,37,css,53a3582b,dhp003,2025-01-17,14:24:46,-08:00,2025-01-17T14:24:46-08:00,0,0
style.css,38,css,78c3a06d,dhp003,2025-01-17,14:40:19,-08:00,2025-01-17T14:40:19-08:00,0,5
style.css,39,css,6dd0a816,dhp003,2025-01-17,15:53:30,-08:00,2025-01-17T15:53:30-08:00,0,33
style.css,40,css,78c3a06d,dhp003,2025-01-17,14:40:19,-08:00,2025-01-17T14:40:19-08:00,0,0
style.css,41,css,53a3582b,dhp003,2025-01-17,14:24:46,-08:00,2025-01-17T14:24:46-08:00,0,0
style.css,42,css,78c3a06d,dhp003,2025-01-17,14:40:19,-08:00,2025-01-17T14:40:19-08:00,0,17
style.css,43,css,78c3a06d,dhp003,2025-01-17,14:40:19,-08:00,2025-01-17T14:40:19-08:00,0,12
style.css,44,css,cb8bae72,dhp003,2025-01-24,18:29:52,-08:00,2025-01-24T18:29:52-08:00,0,70
style.css,45,css,78c3a06d,dhp003,2025-01-17,14:40:19,-08:00,2025-01-17T14:40:19-08:00,0,0
style.css,46,css,53a3582b,dhp003,2025-01-17,14:24:46,-08:00,2025-01-17T14:24:46-08:00,0,0
style.css,47,css,78c3a06d,dhp003,2025-01-17,14:40:19,-08:00,2025-01-17T14:40:19-08:00,0,2
style.css,48,css,6dd0a816,dhp003,2025-01-17,15:53:30,-08:00,2025-01-17T15:53:30-08:00,0,18
style.css,49,css,78c3a06d,dhp003,2025-01-17,14:40:19,-08:00,2025-01-17T14:40:19-08:00,0,0
style.css,50,css,78c3a06d,dhp003,2025-01-17,14:40:19,-08:00,2025-01-17T14:40:19-08:00,0,0
style.css,51,css,78c3a06d,dhp003,2025-01-17,14:40:19,-08:00,2025-01-17T14:40:19-08:00,0,24
style.css,52,css,6dd0a816,dhp003,2025-01-17,15:53:30,-08:00,2025-01-17T15:53:30-08:00,0,13
style.css,53,css,78c3a06d,dhp003,2025-01-17,14:40:19,-08:00,2025-01-17T14:40:19-08:00,0,0
style.css,54,css,78c3a06d,dhp003,2025-01-17,14:40:19,-08:00,2025-01-17T14:40:19-08:00,0,0
style.css,55,css,78c3a06d,dhp003,2025-01-17,14:40:19,-08:00,2025-01-17T14:40:19-08:00,0,5
style.css,56,css,6dd0a816,dhp003,2025-01-17,15:53:30,-08:00,2025-01-17T15:53:30-08:00,0,13
style.css,57,css,6dd0a816,dhp003,2025-01-17,15:53:30,-08:00,2025-01-17T15:53:30-08:00,0,31
style.css,58,css,6dd0a816,dhp003,2025-01-17,15:53:30,-08:00,2025-01-17T15:53:30-08:00,0,8
style.css,59,css,78c3a06d,dhp003,2025-01-17,14:40:19,-08:00,2025-01-17T14:40:19-08:00,0,0
style.css,60,css,78c3a06d,dhp003,2025-01-17,14:40:19,-08:00,2025-01-17T14:40:19-08:00,0,0
style.css,61,css,78c3a06d,dhp003,2025-01-17,14:40:19,-08:00,2025-01-17T14:40:19-08:00,0,6
style.css,62,css,6dd0a816,dhp003,2025-01-17,15:53:30,-08:00,2025-01-17T15:53:30-08:00,0,13
style.css,63,css,6dd0a816,dhp003,2025-01-17,15:53:30,-08:00,2025-01-17T15:53:30-08:00,0,30
style.css,64,css,6dd0a816,dhp003,2025-01-17,15:53:30,-08:00,2025-01-17T15:53:30-08:00,0,19
style.css,65,css,78c3a06d,dhp003,2025-01-17,14:40:19,-08:00,2025-01-17T14:40:19-08:00,0,0
style.css,66,css,78c3a06d,dhp003,2025-01-17,14:40:19,-08:00,2025-01-17T14:40:19-08:00,0,0
style.css,67,css,78c3a06d,dhp003,2025-01-17,14:40:19,-08:00,2025-01-17T14:40:19-08:00,0,24
style.css,68,css,6dd0a816,dhp003,2025-01-17,15:53:30,-08:00,2025-01-17T15:53:30-08:00,0,14
style.css,69,css,78c3a06d,dhp003,2025-01-17,14:40:19,-08:00,2025-01-17T14:40:19-08:00,0,0
style.css,70,css,78c3a06d,dhp003,2025-01-17,14:40:19,-08:00,2025-01-17T14:40:19-08:00,0,0
style.css,71,css,78c3a06d,dhp003,2025-01-17,14:40:19,-08:00,2025-01-17T14:40:19-08:00,0,62
style.css,72,css,78c3a06d,dhp003,2025-01-17,14:40:19,-08:00,2025-01-17T14:40:19-08:00,0,7
style.css,73,css,78c3a06d,dhp003,2025-01-17,14:40:19,-08:00,2025-01-17T14:40:19-08:00,0,19
style.css,74,css,78c3a06d,dhp003,2025-01-17,14:40:19,-08:00,2025-01-17T14:40:19-08:00,0,0
style.css,75,css,33e91c79,dhp003,2025-01-17,15:12:53,-08:00,2025-01-17T15:12:53-08:00,0,0
style.css,76,css,94b84cb7,dhp003,2025-01-17,14:56:16,-08:00,2025-01-17T14:56:16-08:00,0,10
style.css,77,css,94b84cb7,dhp003,2025-01-17,14:56:16,-08:00,2025-01-17T14:56:16-08:00,0,13
style.css,78,css,6dd0a816,dhp003,2025-01-17,15:53:30,-08:00,2025-01-17T15:53:30-08:00,0,59
style.css,79,css,6dd0a816,dhp003,2025-01-17,15:53:30,-08:00,2025-01-17T15:53:30-08:00,0,10
style.css,80,css,6dd0a816,dhp003,2025-01-17,15:53:30,-08:00,2025-01-17T15:53:30-08:00,0,15
style.css,81,css,94b84cb7,dhp003,2025-01-17,14:56:16,-08:00,2025-01-17T14:56:16-08:00,0,0
style.css,82,css,94b84cb7,dhp003,2025-01-17,14:56:16,-08:00,2025-01-17T14:56:16-08:00,0,0
style.css,83,css,94b84cb7,dhp003,2025-01-17,14:56:16,-08:00,2025-01-17T14:56:16-08:00,0,18
style.css,84,css,94b84cb7,dhp003,2025-01-17,14:56:16,-08:00,2025-01-17T14:56:16-08:00,0,13
style.css,85,css,6dd0a816,dhp003,2025-01-17,15:53:30,-08:00,2025-01-17T15:53:30-08:00,0,27
style.css,86,css,6dd0a816,dhp003,2025-01-17,15:53:30,-08:00,2025-01-17T15:53:30-08:00,0,16
style.css,87,css,6dd0a816,dhp003,2025-01-17,15:53:30,-08:00,2025-01-17T15:53:30-08:00,0,22
style.css,88,css,94b84cb7,dhp003,2025-01-17,14:56:16,-08:00,2025-01-17T14:56:16-08:00,0,18
style.css,89,css,94b84cb7,dhp003,2025-01-17,14:56:16,-08:00,2025-01-17T14:56:16-08:00,0,12
style.css,90,css,6dd0a816,dhp003,2025-01-17,15:53:30,-08:00,2025-01-17T15:53:30-08:00,0,22
style.css,91,css,6dd0a816,dhp003,2025-01-17,15:53:30,-08:00,2025-01-17T15:53:30-08:00,0,22
style.css,92,css,94b84cb7,dhp003,2025-01-17,14:56:16,-08:00,2025-01-17T14:56:16-08:00,0,0
style.css,93,css,94b84cb7,dhp003,2025-01-17,14:56:16,-08:00,2025-01-17T14:56:16-08:00,0,0
style.css,94,css,6dd0a816,dhp003,2025-01-17,15:53:30,-08:00,2025-01-17T15:53:30-08:00,0,21
style.css,95,css,6dd0a816,dhp003,2025-01-17,15:53:30,-08:00,2025-01-17T15:53:30-08:00,0,9
style.css,96,css,6dd0a816,dhp003,2025-01-17,15:53:30,-08:00,2025-01-17T15:53:30-08:00,0,16
style.css,97,css,94b84cb7,dhp003,2025-01-17,14:56:16,-08:00,2025-01-17T14:56:16-08:00,0,0
style.css,98,css,94b84cb7,dhp003,2025-01-17,14:56:16,-08:00,2025-01-17T14:56:16-08:00,0,0
style.css,99,css,94b84cb7,dhp003,2025-01-17,14:56:16,-08:00,2025-01-17T14:56:16-08:00,0,13
style.css,100,css,94b84cb7,dhp003,2025-01-17,14:56:16,-08:00,2025-01-17T14:56:16-08:00,0,17
style.css,101,css,6dd0a816,dhp003,2025-01-17,15:53:30,-08:00,2025-01-17T15:53:30-08:00,0,9
style.css,102,css,94b84cb7,dhp003,2025-01-17,14:56:16,-08:00,2025-01-17T14:56:16-08:00,0,0
style.css,103,css,94b84cb7,dhp003,2025-01-17,14:56:16,-08:00,2025-01-17T14:56:16-08:00,0,0
style.css,104,css,94b84cb7,dhp003,2025-01-17,14:56:16,-08:00,2025-01-17T14:56:16-08:00,0,12
style.css,105,css,94b84cb7,dhp003,2025-01-17,14:56:16,-08:00,2025-01-17T14:56:16-08:00,0,14
style.css,106,css,94b84cb7,dhp003,2025-01-17,14:56:16,-08:00,2025-01-17T14:56:16-08:00,0,11
style.css,107,css,94b84cb7,dhp003,2025-01-17,14:56:16,-08:00,2025-01-17T14:56:16-08:00,0,0
style.css,108,css,94b84cb7,dhp003,2025-01-17,14:56:16,-08:00,2025-01-17T14:56:16-08:00,0,0
style.css,109,css,94b84cb7,dhp003,2025-01-17,14:56:16,-08:00,2025-01-17T14:56:16-08:00,0,50
style.css,110,css,94b84cb7,dhp003,2025-01-17,14:56:16,-08:00,2025-01-17T14:56:16-08:00,0,10
style.css,111,css,94b84cb7,dhp003,2025-01-17,14:56:16,-08:00,2025-01-17T14:56:16-08:00,0,8
style.css,112,css,94b84cb7,dhp003,2025-01-17,14:56:16,-08:00,2025-01-17T14:56:16-08:00,0,0
style.css,113,css,94b84cb7,dhp003,2025-01-17,14:56:16,-08:00,2025-01-17T14:56:16-08:00,0,0
style.css,114,css,94b84cb7,dhp003,2025-01-17,14:56:16,-08:00,2025-01-17T14:56:16-08:00,0,46
style.css,115,css,94b84cb7,dhp003,2025-01-17,14:56:16,-08:00,2025-01-17T14:56:16-08:00,0,3
style.css,116,css,6dd0a816,dhp003,2025-01-17,15:53:30,-08:00,2025-01-17T15:53:30-08:00,0,15
style.css,117,css,6dd0a816,dhp003,2025-01-17,15:53:30,-08:00,2025-01-17T15:53:30-08:00,0,20
style.css,118,css,6dd0a816,dhp003,2025-01-17,15:53:30,-08:00,2025-01-17T15:53:30-08:00,0,0
style.css,119,css,6dd0a816,dhp003,2025-01-17,15:53:30,-08:00,2025-01-17T15:53:30-08:00,0,0
style.css,120,css,6dd0a816,dhp003,2025-01-17,15:53:30,-08:00,2025-01-17T15:53:30-08:00,0,28
style.css,121,css,6dd0a816,dhp003,2025-01-17,15:53:30,-08:00,2025-01-17T15:53:30-08:00,0,3
style.css,122,css,6dd0a816,dhp003,2025-01-17,15:53:30,-08:00,2025-01-17T15:53:30-08:00,0,18
style.css,123,css,94b84cb7,dhp003,2025-01-17,14:56:16,-08:00,2025-01-17T14:56:16-08:00,0,0
style.css,124,css,94b84cb7,dhp003,2025-01-17,14:56:16,-08:00,2025-01-17T14:56:16-08:00,0,0
style.css,125,css,6dd0a816,dhp003,2025-01-17,15:53:30,-08:00,2025-01-17T15:53:30-08:00,0,15
style.css,126,css,6dd0a816,dhp003,2025-01-17,15:53:30,-08:00,2025-01-17T15:53:30-08:00,0,16
style.css,127,css,94b84cb7,dhp003,2025-01-17,14:56:16,-08:00,2025-01-17T14:56:16-08:00,0,0
style.css,128,css,cb8bae72,dhp003,2025-01-24,18:29:52,-08:00,2025-01-24T18:29:52-08:00,0,0
style.css,129,css,cb8bae72,dhp003,2025-01-24,18:29:52,-08:00,2025-01-24T18:29:52-08:00,0,14
style.css,130,css,cb8bae72,dhp003,2025-01-24,18:29:52,-08:00,2025-01-24T18:29:52-08:00,0,18
style.css,131,css,cb8bae72,dhp003,2025-01-24,18:29:52,-08:00,2025-01-24T18:29:52-08:00,0,11
style.css,132,css,cb8bae72,dhp003,2025-01-24,18:29:52,-08:00,2025-01-24T18:29:52-08:00,0,11
style.css,133,css,cb8bae72,dhp003,2025-01-24,18:29:52,-08:00,2025-01-24T18:29:52-08:00,0,17
style.css,134,css,cb8bae72,dhp003,2025-01-24,18:29:52,-08:00,2025-01-24T18:29:52-08:00,0,20
style.css,135,css,cb8bae72,dhp003,2025-01-24,18:29:52,-08:00,2025-01-24T18:29:52-08:00,0,13
style.css,136,css,cb8bae72,dhp003,2025-01-24,18:29:52,-08:00,2025-01-24T18:29:52-08:00,0,0
style.css,137,css,cb8bae72,dhp003,2025-01-24,18:29:52,-08:00,2025-01-24T18:29:52-08:00,0,0
style.css,138,css,cb8bae72,dhp003,2025-01-24,18:29:52,-08:00,2025-01-24T18:29:52-08:00,0,21
style.css,139,css,cb8bae72,dhp003,2025-01-24,18:29:52,-08:00,2025-01-24T18:29:52-08:00,0,20
style.css,140,css,cb8bae72,dhp003,2025-01-24,18:29:52,-08:00,2025-01-24T18:29:52-08:00,0,18
style.css,141,css,cb8bae72,dhp003,2025-01-24,18:29:52,-08:00,2025-01-24T18:29:52-08:00,0,0
style.css,142,css,cb8bae72,dhp003,2025-01-24,18:29:52,-08:00,2025-01-24T18:29:52-08:00,0,0
style.css,143,css,cb8bae72,dhp003,2025-01-24,18:29:52,-08:00,2025-01-24T18:29:52-08:00,0,30
style.css,144,css,cb8bae72,dhp003,2025-01-24,18:29:52,-08:00,2025-01-24T18:29:52-08:00,0,5
style.css,145,css,cb8bae72,dhp003,2025-01-24,18:29:52,-08:00,2025-01-24T18:29:52-08:00,0,24
style.css,146,css,cb8bae72,dhp003,2025-01-24,18:29:52,-08:00,2025-01-24T18:29:52-08:00,0,0
style.css,147,css,cb8bae72,dhp003,2025-01-24,18:29:52,-08:00,2025-01-24T18:29:52-08:00,0,0
style.css,148,css,cb8bae72,dhp003,2025-01-24,18:29:52,-08:00,2025-01-24T18:29:52-08:00,0,25
style.css,149,css,cb8bae72,dhp003,2025-01-24,18:29:52,-08:00,2025-01-24T18:29:52-08:00,0,23
style.css,150,css,cb8bae72,dhp003,2025-01-24,18:29:52,-08:00,2025-01-24T18:29:52-08:00,0,12
style.css,151,css,cb8bae72,dhp003,2025-01-24,18:29:52,-08:00,2025-01-24T18:29:52-08:00,0,0
style.css,152,css,cb8bae72,dhp003,2025-01-24,18:29:52,-08:00,2025-01-24T18:29:52-08:00,0,0
style.css,153,css,cb8bae72,dhp003,2025-01-24,18:29:52,-08:00,2025-01-24T18:29:52-08:00,0,24
style.css,154,css,cb8bae72,dhp003,2025-01-24,18:29:52,-08:00,2025-01-24T18:29:52-08:00,0,25
style.css,155,css,cb8bae72,dhp003,2025-01-24,18:29:52,-08:00,2025-01-24T18:29:52-08:00,0,12
style.css,156,css,cb8bae72,dhp003,2025-01-24,18:29:52,-08:00,2025-01-24T18:29:52-08:00,0,0
style.css,157,css,cb8bae72,dhp003,2025-01-24,18:29:52,-08:00,2025-01-24T18:29:52-08:00,0,0
style.css,158,css,cb8bae72,dhp003,2025-01-24,18:29:52,-08:00,2025-01-24T18:29:52-08:00,0,14
style.css,159,css,cb8bae72,dhp003,2025-01-24,18:29:52,-08:00,2025-01-24T18:29:52-08:00,0,18
style.css,160,css,cb8bae72,dhp003,2025-01-24,18:29:52,-08:00,2025-01-24T18:29:52-08:00,0,9
style.css,161,css,cb8bae72,dhp003,2025-01-24,18:29:52,-08:00,2025-01-24T18:29:52-08:00,0,11
style.css,162,css,cb8bae72,dhp003,2025-01-24,18:29:52,-08:00,2025-01-24T18:29:52-08:00,0,14
style.css,163,css,cb8bae72,dhp003,2025-01-24,18:29:52,-08:00,2025-01-24T18:29:52-08:00,0,0
style.css,164,css,cb8bae72,dhp003,2025-01-24,18:29:52,-08:00,2025-01-24T18:29:52-08:00,0,0
style.css,165,css,a2b08831,dhp003,2025-01-24,19:23:10,-08:00,2025-01-24T19:23:10-08:00,0,14
style.css,166,css,a2b08831,dhp003,2025-01-24,19:23:10,-08:00,2025-01-24T19:23:10-08:00,0,51
style.css,167,css,a2b08831,dhp003,2025-01-24,19:23:10,-08:00,2025-01-24T19:23:10-08:00,0,21
style.css,168,css,a2b08831,dhp003,2025-01-24,19:23:10,-08:00,2025-01-24T19:23:10-08:00,0,0
style.css,169,css,da97df60,dhp003,2025-01-31,19:39:34,-08:00,2025-01-31T19:39:34-08:00,0,0
style.css,170,css,da97df60,dhp003,2025-01-31,19:39:34,-08:00,2025-01-31T19:39:34-08:00,0,15
style.css,171,css,da97df60,dhp003,2025-01-31,19:39:34,-08:00,2025-01-31T19:39:34-08:00,0,13
style.css,172,css,da97df60,dhp003,2025-01-31,19:39:34,-08:00,2025-01-31T19:39:34-08:00,0,23
style.css,173,css,da97df60,dhp003,2025-01-31,19:39:34,-08:00,2025-01-31T19:39:34-08:00,0,13
style.css,174,css,da97df60,dhp003,2025-01-31,19:39:34,-08:00,2025-01-31T19:39:34-08:00,0,18
style.css,175,css,da97df60,dhp003,2025-01-31,19:39:34,-08:00,2025-01-31T19:39:34-08:00,0,11
style.css,176,css,da97df60,dhp003,2025-01-31,19:39:34,-08:00,2025-01-31T19:39:34-08:00,0,0
style.css,177,css,da97df60,dhp003,2025-01-31,19:39:34,-08:00,2025-01-31T19:39:34-08:00,0,0
style.css,178,css,da97df60,dhp003,2025-01-31,19:39:34,-08:00,2025-01-31T19:39:34-08:00,0,18
style.css,179,css,da97df60,dhp003,2025-01-31,19:39:34,-08:00,2025-01-31T19:39:34-08:00,0,13
style.css,180,css,da97df60,dhp003,2025-01-31,19:39:34,-08:00,2025-01-31T19:39:34-08:00,0,37
style.css,181,css,da97df60,dhp003,2025-01-31,19:39:34,-08:00,2025-01-31T19:39:34-08:00,0,9
style.css,182,css,da97df60,dhp003,2025-01-31,19:39:34,-08:00,2025-01-31T19:39:34-08:00,0,18
style.css,183,css,da97df60,dhp003,2025-01-31,19:39:34,-08:00,2025-01-31T19:39:34-08:00,0,14
style.css,184,css,da97df60,dhp003,2025-01-31,19:39:34,-08:00,2025-01-31T19:39:34-08:00,0,10
style.css,185,css,da97df60,dhp003,2025-01-31,19:39:34,-08:00,2025-01-31T19:39:34-08:00,0,0
style.css,186,css,da97df60,dhp003,2025-01-31,19:39:34,-08:00,2025-01-31T19:39:34-08:00,0,0
style.css,187,css,da97df60,dhp003,2025-01-31,19:39:34,-08:00,2025-01-31T19:39:34-08:00,0,18
style.css,188,css,da97df60,dhp003,2025-01-31,19:39:34,-08:00,2025-01-31T19:39:34-08:00,0,17
style.css,189,css,da97df60,dhp003,2025-01-31,19:39:34,-08:00,2025-01-31T19:39:34-08:00,0,15
style.css,190,css,da97df60,dhp003,2025-01-31,19:39:34,-08:00,2025-01-31T19:39:34-08:00,0,11
style.css,191,css,da97df60,dhp003,2025-01-31,19:39:34,-08:00,2025-01-31T19:39:34-08:00,0,0
style.css,192,css,da97df60,dhp003,2025-01-31,19:39:34,-08:00,2025-01-31T19:39:34-08:00,0,0
style.css,193,css,da97df60,dhp003,2025-01-31,19:39:34,-08:00,2025-01-31T19:39:34-08:00,0,18
style.css,194,css,da97df60,dhp003,2025-01-31,19:39:34,-08:00,2025-01-31T19:39:34-08:00,0,15
style.css,195,css,da97df60,dhp003,2025-01-31,19:39:34,-08:00,2025-01-31T19:39:34-08:00,0,9
style.css,196,css,da97df60,dhp003,2025-01-31,19:39:34,-08:00,2025-01-31T19:39:34-08:00,0,11
style.css,197,css,da97df60,dhp003,2025-01-31,19:39:34,-08:00,2025-01-31T19:39:34-08:00,0,0
style.css,198,css,da97df60,dhp003,2025-01-31,19:39:34,-08:00,2025-01-31T19:39:34-08:00,0,0
style.css,199,css,5759cecf,dhp003,2025-02-08,16:41:03,-08:00,2025-02-08T16:41:03-08:00,0,14
style.css,200,css,5759cecf,dhp003,2025-02-08,16:41:03,-08:00,2025-02-08T16:41:03-08:00,0,11
style.css,201,css,5759cecf,dhp003,2025-02-08,16:41:03,-08:00,2025-02-08T16:41:03-08:00,0,31
style.css,202,css,5759cecf,dhp003,2025-02-08,16:41:03,-08:00,2025-02-08T16:41:03-08:00,0,17
style.css,203,css,5759cecf,dhp003,2025-02-08,16:41:03,-08:00,2025-02-08T16:41:03-08:00,0,35
style.css,204,css,5759cecf,dhp003,2025-02-08,16:41:03,-08:00,2025-02-08T16:41:03-08:00,0,15
style.css,205,css,5759cecf,dhp003,2025-02-08,16:41:03,-08:00,2025-02-08T16:41:03-08:00,0,0
style.css,206,css,5759cecf,dhp003,2025-02-08,16:41:03,-08:00,2025-02-08T16:41:03-08:00,0,14
style.css,207,css,5759cecf,dhp003,2025-02-08,16:41:03,-08:00,2025-02-08T16:41:03-08:00,0,13
style.css,208,css,5759cecf,dhp003,2025-02-08,16:41:03,-08:00,2025-02-08T16:41:03-08:00,0,22
style.css,209,css,5759cecf,dhp003,2025-02-08,16:41:03,-08:00,2025-02-08T16:41:03-08:00,0,8
style.css,210,css,5759cecf,dhp003,2025-02-08,16:41:03,-08:00,2025-02-08T16:41:03-08:00,0,0
style.css,211,css,5759cecf,dhp003,2025-02-08,16:41:03,-08:00,2025-02-08T16:41:03-08:00,0,0
style.css,212,css,5759cecf,dhp003,2025-02-08,16:41:03,-08:00,2025-02-08T16:41:03-08:00,0,17
style.css,213,css,5759cecf,dhp003,2025-02-08,16:41:03,-08:00,2025-02-08T16:41:03-08:00,0,13
style.css,214,css,5759cecf,dhp003,2025-02-08,16:41:03,-08:00,2025-02-08T16:41:03-08:00,0,19
style.css,215,css,5759cecf,dhp003,2025-02-08,16:41:03,-08:00,2025-02-08T16:41:03-08:00,0,23
style.css,216,css,5759cecf,dhp003,2025-02-08,16:41:03,-08:00,2025-02-08T16:41:03-08:00,0,8
style.css,217,css,5759cecf,dhp003,2025-02-08,16:41:03,-08:00,2025-02-08T16:41:03-08:00,0,15
style.css,218,css,5759cecf,dhp003,2025-02-08,16:41:03,-08:00,2025-02-08T16:41:03-08:00,0,12
style.css,219,css,5759cecf,dhp003,2025-02-08,16:41:03,-08:00,2025-02-08T16:41:03-08:00,0,12
style.css,220,css,5759cecf,dhp003,2025-02-08,16:41:03,-08:00,2025-02-08T16:41:03-08:00,0,17
style.css,221,css,5759cecf,dhp003,2025-02-08,16:41:03,-08:00,2025-02-08T16:41:03-08:00,0,0
style.css,222,css,5759cecf,dhp003,2025-02-08,16:41:03,-08:00,2025-02-08T16:41:03-08:00,0,0
style.css,223,css,5759cecf,dhp003,2025-02-08,16:41:03,-08:00,2025-02-08T16:41:03-08:00,0,4
style.css,224,css,5759cecf,dhp003,2025-02-08,16:41:03,-08:00,2025-02-08T16:41:03-08:00,0,14
style.css,225,css,5759cecf,dhp003,2025-02-08,16:41:03,-08:00,2025-02-08T16:41:03-08:00,0,0
style.css,226,css,5759cecf,dhp003,2025-02-08,16:41:03,-08:00,2025-02-08T16:41:03-08:00,0,0
style.css,227,css,5759cecf,dhp003,2025-02-08,16:41:03,-08:00,2025-02-08T16:41:03-08:00,0,15
style.css,228,css,5759cecf,dhp003,2025-02-08,16:41:03,-08:00,2025-02-08T16:41:03-08:00,0,15
style.css,229,css,5759cecf,dhp003,2025-02-08,16:41:03,-08:00,2025-02-08T16:41:03-08:00,0,12
style.css,230,css,5759cecf,dhp003,2025-02-08,16:41:03,-08:00,2025-02-08T16:41:03-08:00,0,12
style.css,231,css,5759cecf,dhp003,2025-02-08,16:41:03,-08:00,2025-02-08T16:41:03-08:00,0,12
style.css,232,css,5759cecf,dhp003,2025-02-08,16:41:03,-08:00,2025-02-08T16:41:03-08:00,0,0
style.css,233,css,5759cecf,dhp003,2025-02-08,16:41:03,-08:00,2025-02-08T16:41:03-08:00,0,0
style.css,234,css,5759cecf,dhp003,2025-02-08,16:41:03,-08:00,2025-02-08T16:41:03-08:00,0,8
style.css,235,css,5759cecf,dhp003,2025-02-08,16:41:03,-08:00,2025-02-08T16:41:03-08:00,0,13
style.css,236,css,5759cecf,dhp003,2025-02-08,16:41:03,-08:00,2025-02-08T16:41:03-08:00,0,58
style.css,237,css,5759cecf,dhp003,2025-02-08,16:41:03,-08:00,2025-02-08T16:41:03-08:00,0,10
style.css,238,css,5759cecf,dhp003,2025-02-08,16:41:03,-08:00,2025-02-08T16:41:03-08:00,0,22
style.css,239,css,5759cecf,dhp003,2025-02-08,16:41:03,-08:00,2025-02-08T16:41:03-08:00,0,12
style.css,240,css,5759cecf,dhp003,2025-02-08,16:41:03,-08:00,2025-02-08T16:41:03-08:00,0,17
style.css,241,css,5759cecf,dhp003,2025-02-08,16:41:03,-08:00,2025-02-08T16:41:03-08:00,0,18
style.css,242,css,5759cecf,dhp003,2025-02-08,16:41:03,-08:00,2025-02-08T16:41:03-08:00,0,11
style.css,243,css,5759cecf,dhp003,2025-02-08,16:41:03,-08:00,2025-02-08T16:41:03-08:00,0,15
style.css,244,css,5759cecf,dhp003,2025-02-08,16:41:03,-08:00,2025-02-08T16:41:03-08:00,0,14
style.css,245,css,5759cecf,dhp003,2025-02-08,16:41:03,-08:00,2025-02-08T16:41:03-08:00,0,7
style.css,246,css,5759cecf,dhp003,2025-02-08,16:41:03,-08:00,2025-02-08T16:41:03-08:00,0,0
style.css,247,css,5759cecf,dhp003,2025-02-08,16:41:03,-08:00,2025-02-08T16:41:03-08:00,0,0
style.css,248,css,5759cecf,dhp003,2025-02-08,16:41:03,-08:00,2025-02-08T16:41:03-08:00,0,13
style.css,249,css,5759cecf,dhp003,2025-02-08,16:41:03,-08:00,2025-02-08T16:41:03-08:00,0,13
style.css,250,css,5759cecf,dhp003,2025-02-08,16:41:03,-08:00,2025-02-08T16:41:03-08:00,0,19
style.css,251,css,5759cecf,dhp003,2025-02-08,16:41:03,-08:00,2025-02-08T16:41:03-08:00,0,10
style.css,252,css,5759cecf,dhp003,2025-02-08,16:41:03,-08:00,2025-02-08T16:41:03-08:00,0,14
style.css,253,css,5759cecf,dhp003,2025-02-08,16:41:03,-08:00,2025-02-08T16:41:03-08:00,0,16
style.css,254,css,5759cecf,dhp003,2025-02-08,16:41:03,-08:00,2025-02-08T16:41:03-08:00,0,17
style.css,255,css,5759cecf,dhp003,2025-02-08,16:41:03,-08:00,2025-02-08T16:41:03-08:00,0,0
style.css,256,css,5759cecf,dhp003,2025-02-08,16:41:03,-08:00,2025-02-08T16:41:03-08:00,0,0
style.css,257,css,5759cecf,dhp003,2025-02-08,16:41:03,-08:00,2025-02-08T16:41:03-08:00,0,16
style.css,258,css,5759cecf,dhp003,2025-02-08,16:41:03,-08:00,2025-02-08T16:41:03-08:00,0,10
style.css,259,css,5759cecf,dhp003,2025-02-08,16:41:03,-08:00,2025-02-08T16:41:03-08:00,0,11
style.css,260,css,5759cecf,dhp003,2025-02-08,16:41:03,-08:00,2025-02-08T16:41:03-08:00,0,21
style.css,261,css,5759cecf,dhp003,2025-02-08,16:41:03,-08:00,2025-02-08T16:41:03-08:00,0,30
style.css,262,css,5759cecf,dhp003,2025-02-08,16:41:03,-08:00,2025-02-08T16:41:03-08:00,0,18
style.css,263,css,5759cecf,dhp003,2025-02-08,16:41:03,-08:00,2025-02-08T16:41:03-08:00,0,0
style.css,264,css,5759cecf,dhp003,2025-02-08,16:41:03,-08:00,2025-02-08T16:41:03-08:00,0,0
style.css,265,css,5759cecf,dhp003,2025-02-08,16:41:03,-08:00,2025-02-08T16:41:03-08:00,0,11
style.css,266,css,5759cecf,dhp003,2025-02-08,16:41:03,-08:00,2025-02-08T16:41:03-08:00,0,13
style.css,267,css,5759cecf,dhp003,2025-02-08,16:41:03,-08:00,2025-02-08T16:41:03-08:00,0,19
style.css,268,css,5759cecf,dhp003,2025-02-08,16:41:03,-08:00,2025-02-08T16:41:03-08:00,0,11
style.css,269,css,5759cecf,dhp003,2025-02-08,16:41:03,-08:00,2025-02-08T16:41:03-08:00,0,19
style.css,270,css,5759cecf,dhp003,2025-02-08,16:41:03,-08:00,2025-02-08T16:41:03-08:00,0,0
style.css,271,css,5759cecf,dhp003,2025-02-08,16:41:03,-08:00,2025-02-08T16:41:03-08:00,0,0
style.css,272,css,5759cecf,dhp003,2025-02-08,16:41:03,-08:00,2025-02-08T16:41:03-08:00,0,26
style.css,273,css,5759cecf,dhp003,2025-02-08,16:41:03,-08:00,2025-02-08T16:41:03-08:00,0,17
style.css,274,css,5759cecf,dhp003,2025-02-08,16:41:03,-08:00,2025-02-08T16:41:03-08:00,0,15
style.css,275,css,5759cecf,dhp003,2025-02-08,16:41:03,-08:00,2025-02-08T16:41:03-08:00,0,23
style.css,276,css,5759cecf,dhp003,2025-02-08,16:41:03,-08:00,2025-02-08T16:41:03-08:00,0,0
style.css,277,css,5759cecf,dhp003,2025-02-08,16:41:03,-08:00,2025-02-08T16:41:03-08:00,0,19
style.css,278,css,5759cecf,dhp003,2025-02-08,16:41:03,-08:00,2025-02-08T16:41:03-08:00,0,10
style.css,279,css,5759cecf,dhp003,2025-02-08,16:41:03,-08:00,2025-02-08T16:41:03-08:00,0,0
style.css,280,css,5759cecf,dhp003,2025-02-08,16:41:03,-08:00,2025-02-08T16:41:03-08:00,0,8
style.css,281,css,5759cecf,dhp003,2025-02-08,16:41:03,-08:00,2025-02-08T16:41:03-08:00,0,15
style.css,282,css,5759cecf,dhp003,2025-02-08,16:41:03,-08:00,2025-02-08T16:41:03-08:00,0,18
style.css,283,css,5759cecf,dhp003,2025-02-08,16:41:03,-08:00,2025-02-08T16:41:03-08:00,0,0
style.css,284,css,5759cecf,dhp003,2025-02-08,16:41:03,-08:00,2025-02-08T16:41:03-08:00,0,0
style.css,285,css,5759cecf,dhp003,2025-02-08,16:41:03,-08:00,2025-02-08T16:41:03-08:00,0,0
style.css,286,css,5759cecf,dhp003,2025-02-08,16:41:03,-08:00,2025-02-08T16:41:03-08:00,0,18
style.css,287,css,5759cecf,dhp003,2025-02-08,16:41:03,-08:00,2025-02-08T16:41:03-08:00,0,13
style.css,288,css,5759cecf,dhp003,2025-02-08,16:41:03,-08:00,2025-02-08T16:41:03-08:00,0,23
style.css,289,css,5759cecf,dhp003,2025-02-08,16:41:03,-08:00,2025-02-08T16:41:03-08:00,0,16
style.css,290,css,5759cecf,dhp003,2025-02-08,16:41:03,-08:00,2025-02-08T16:41:03-08:00,0,11
style.css,291,css,5759cecf,dhp003,2025-02-08,16:41:03,-08:00,2025-02-08T16:41:03-08:00,0,0
style.css,292,css,5759cecf,dhp003,2025-02-08,16:41:03,-08:00,2025-02-08T16:41:03-08:00,0,0
style.css,293,css,5759cecf,dhp003,2025-02-08,16:41:03,-08:00,2025-02-08T16:41:03-08:00,0,11
style.css,294,css,5759cecf,dhp003,2025-02-08,16:41:03,-08:00,2025-02-08T16:41:03-08:00,0,10
style.css,295,css,5759cecf,dhp003,2025-02-08,16:41:03,-08:00,2025-02-08T16:41:03-08:00,0,19
style.css,296,css,5759cecf,dhp003,2025-02-08,16:41:03,-08:00,2025-02-08T16:41:03-08:00,0,18
style.css,297,css,5759cecf,dhp003,2025-02-08,16:41:03,-08:00,2025-02-08T16:41:03-08:00,0,15
style.css,298,css,5759cecf,dhp003,2025-02-08,16:41:03,-08:00,2025-02-08T16:41:03-08:00,0,22
style.css,299,css,5759cecf,dhp003,2025-02-08,16:41:03,-08:00,2025-02-08T16:41:03-08:00,0,18
style.css,300,css,5759cecf,dhp003,2025-02-08,16:41:03,-08:00,2025-02-08T16:41:03-08:00,0,13
style.css,301,css,5759cecf,dhp003,2025-02-08,16:41:03,-08:00,2025-02-08T16:41:03-08:00,0,32
style.css,302,css,5759cecf,dhp003,2025-02-08,16:41:03,-08:00,2025-02-08T16:41:03-08:00,0,0
style.css,303,css,5759cecf,dhp003,2025-02-08,16:41:03,-08:00,2025-02-08T16:41:03-08:00,0,0
style.css,304,css,5759cecf,dhp003,2025-02-08,16:41:03,-08:00,2025-02-08T16:41:03-08:00,0,17
style.css,305,css,5759cecf,dhp003,2025-02-08,16:41:03,-08:00,2025-02-08T16:41:03-08:00,0,21
style.css,306,css,5759cecf,dhp003,2025-02-08,16:41:03,-08:00,2025-02-08T16:41:03-08:00,0,42
style.css,307,css,5759cecf,dhp003,2025-02-08,16:41:03,-08:00,2025-02-08T16:41:03-08:00,0,0
style.css,308,css,5759cecf,dhp003,2025-02-08,16:41:03,-08:00,2025-02-08T16:41:03-08:00,0,0
style.css,309,css,5759cecf,dhp003,2025-02-08,16:41:03,-08:00,2025-02-08T16:41:03-08:00,0,0
style.css,310,css,5759cecf,dhp003,2025-02-08,16:41:03,-08:00,2025-02-08T16:41:03-08:00,0,37
style.css,311,css,5759cecf,dhp003,2025-02-08,16:41:03,-08:00,2025-02-08T16:41:03-08:00,0,12
style.css,312,css,5759cecf,dhp003,2025-02-08,16:41:03,-08:00,2025-02-08T16:41:03-08:00,0,0
style.css,313,css,5759cecf,dhp003,2025-02-08,16:41:03,-08:00,2025-02-08T16:41:03-08:00,0,0
style.css,314,css,5759cecf,dhp003,2025-02-08,16:41:03,-08:00,2025-02-08T16:41:03-08:00,0,5
style.css,315,css,5759cecf,dhp003,2025-02-08,16:41:03,-08:00,2025-02-08T16:41:03-08:00,0,17
style.css,316,css,63d35e01,dhp003,2025-02-13,21:11:31,-08:00,2025-02-13T21:11:31-08:00,0,15
style.css,317,css,5759cecf,dhp003,2025-02-08,16:41:03,-08:00,2025-02-08T16:41:03-08:00,0,0
style.css,318,css,5759cecf,dhp003,2025-02-08,16:41:03,-08:00,2025-02-08T16:41:03-08:00,0,0
style.css,319,css,63d35e01,dhp003,2025-02-13,21:11:31,-08:00,2025-02-13T21:11:31-08:00,0,0
style.css,320,css,5759cecf,dhp003,2025-02-08,16:41:03,-08:00,2025-02-08T16:41:03-08:00,0,10
style.css,321,css,5759cecf,dhp003,2025-02-08,16:41:03,-08:00,2025-02-08T16:41:03-08:00,0,36
style.css,322,css,5759cecf,dhp003,2025-02-08,16:41:03,-08:00,2025-02-08T16:41:03-08:00,0,29
style.css,323,css,5759cecf,dhp003,2025-02-08,16:41:03,-08:00,2025-02-08T16:41:03-08:00,0,0
style.css,324,css,5759cecf,dhp003,2025-02-08,16:41:03,-08:00,2025-02-08T16:41:03-08:00,0,0
style.css,325,css,63d35e01,dhp003,2025-02-13,21:11:31,-08:00,2025-02-13T21:11:31-08:00,0,0
style.css,326,css,5759cecf,dhp003,2025-02-08,16:41:03,-08:00,2025-02-08T16:41:03-08:00,0,22
style.css,327,css,5759cecf,dhp003,2025-02-08,16:41:03,-08:00,2025-02-08T16:41:03-08:00,0,17
style.css,328,css,5759cecf,dhp003,2025-02-08,16:41:03,-08:00,2025-02-08T16:41:03-08:00,0,36
style.css,329,css,5759cecf,dhp003,2025-02-08,16:41:03,-08:00,2025-02-08T16:41:03-08:00,0,0
style.css,330,css,5759cecf,dhp003,2025-02-08,16:41:03,-08:00,2025-02-08T16:41:03-08:00,0,0
index.js,1,js,da97df60,dhp003,2025-01-31,19:39:34,-08:00,2025-01-31T19:39:34-08:00,0,72
index.js,2,js,da97df60,dhp003,2025-01-31,19:39:34,-08:00,2025-01-31T19:39:34-08:00,0,0
index.js,3,js,da97df60,dhp003,2025-01-31,19:39:34,-08:00,2025-01-31T19:39:34-08:00,0,30
index.js,4,js,da97df60,dhp003,2025-01-31,19:39:34,-08:00,2025-01-31T19:39:34-08:00,0,0
index.js,5,js,da97df60,dhp003,2025-01-31,19:39:34,-08:00,2025-01-31T19:39:34-08:00,0,55
index.js,6,js,da97df60,dhp003,2025-01-31,19:39:34,-08:00,2025-01-31T19:39:34-08:00,0,42
index.js,7,js,da97df60,dhp003,2025-01-31,19:39:34,-08:00,2025-01-31T19:39:34-08:00,0,0
index.js,8,js,da97df60,dhp003,2025-01-31,19:39:34,-08:00,2025-01-31T19:39:34-08:00,0,68
index.js,9,js,da97df60,dhp003,2025-01-31,19:39:34,-08:00,2025-01-31T19:39:34-08:00,0,51
index.js,10,js,da97df60,dhp003,2025-01-31,19:39:34,-08:00,2025-01-31T19:39:34-08:00,0,7
index.js,11,js,da97df60,dhp003,2025-01-31,19:39:34,-08:00,2025-01-31T19:39:34-08:00,0,43
index.js,12,js,da97df60,dhp003,2025-01-31,19:39:34,-08:00,2025-01-31T19:39:34-08:00,0,47
index.js,13,js,da97df60,dhp003,2025-01-31,19:39:34,-08:00,2025-01-31T19:39:34-08:00,0,0
index.js,14,js,da97df60,dhp003,2025-01-31,19:39:34,-08:00,2025-01-31T19:39:34-08:00,0,61
index.js,15,js,da97df60,dhp003,2025-01-31,19:39:34,-08:00,2025-01-31T19:39:34-08:00,0,53
index.js,16,js,da97df60,dhp003,2025-01-31,19:39:34,-08:00,2025-01-31T19:39:34-08:00,0,0
index.js,17,js,da97df60,dhp003,2025-01-31,19:39:34,-08:00,2025-01-31T19:39:34-08:00,0,24
index.js,18,js,da97df60,dhp003,2025-01-31,19:39:34,-08:00,2025-01-31T19:39:34-08:00,0,46
index.js,19,js,da97df60,dhp003,2025-01-31,19:39:34,-08:00,2025-01-31T19:39:34-08:00,0,7
index.js,20,js,da97df60,dhp003,2025-01-31,19:39:34,-08:00,2025-01-31T19:39:34-08:00,0,55
index.js,21,js,da97df60,dhp003,2025-01-31,19:39:34,-08:00,2025-01-31T19:39:34-08:00,0,0
index.js,22,js,da97df60,dhp003,2025-01-31,19:39:34,-08:00,2025-01-31T19:39:34-08:00,0,0
index.js,23,js,da97df60,dhp003,2025-01-31,19:39:34,-08:00,2025-01-31T19:39:34-08:00,0,0
index.js,24,js,da97df60,dhp003,2025-01-31,19:39:34,-08:00,2025-01-31T19:39:34-08:00,0,50
index.js,25,js,da97df60,dhp003,2025-01-31,19:39:34,-08:00,2025-01-31T19:39:34-08:00,0,39
index.js,26,js,da97df60,dhp003,2025-01-31,19:39:34,-08:00,2025-01-31T19:39:34-08:00,0,61
index.js,27,js,da97df60,dhp003,2025-01-31,19:39:34,-08:00,2025-01-31T19:39:34-08:00,0,0
index.js,28,js,da97df60,dhp003,2025-01-31,19:39:34,-08:00,2025-01-31T19:39:34-08:00,0,18
index.js,29,js,da97df60,dhp003,2025-01-31,19:39:34,-08:00,2025-01-31T19:39:34-08:00,0,25
index.js,30,js,da97df60,dhp003,2025-01-31,19:39:34,-08:00,2025-01-31T19:39:34-08:00,0,3
index.js,31,js,da97df60,dhp003,2025-01-31,19:39:34,-08:00,2025-01-31T19:39:34-08:00,0,56
index.js,32,js,da97df60,dhp003,2025-01-31,19:39:34,-08:00,2025-01-31T19:39:34-08:00,0,56
index.js,33,js,da97df60,dhp003,2025-01-31,19:39:34,-08:00,2025-01-31T19:39:34-08:00,0,50
index.js,34,js,da97df60,dhp003,2025-01-31,19:39:34,-08:00,2025-01-31T19:39:34-08:00,0,50
index.js,35,js,da97df60,dhp003,2025-01-31,19:39:34,-08:00,2025-01-31T19:39:34-08:00,0,4
index.js,36,js,da97df60,dhp003,2025-01-31,19:39:34,-08:00,2025-01-31T19:39:34-08:00,0,1
index.js,37,js,da97df60,dhp003,2025-01-31,19:39:34,-08:00,2025-01-31T19:39:34-08:00,0,0
index.html,1,html,8a2625ae,dhp003,2025-01-10,11:02:01,-08:00,2025-01-10T11:02:01-08:00,0,14
index.html,2,html,b2af786d,dhp003,2025-01-24,19:45:15,-08:00,2025-01-24T19:45:15-08:00,0,28
index.html,3,html,8a2625ae,dhp003,2025-01-10,11:02:01,-08:00,2025-01-10T11:02:01-08:00,0,5
index.html,4,html,8a2625ae,dhp003,2025-01-10,11:02:01,-08:00,2025-01-10T11:02:01-08:00,0,21
index.html,5,html,8a2625ae,dhp003,2025-01-10,11:02:01,-08:00,2025-01-10T11:02:01-08:00,0,69
index.html,6,html,8a2625ae,dhp003,2025-01-10,11:02:01,-08:00,2025-01-10T11:02:01-08:00,0,49
index.html,7,html,cf81bcd3,dhp003,2025-01-10,14:33:48,-08:00,2025-01-10T14:33:48-08:00,0,39
index.html,8,html,da97df60,dhp003,2025-01-31,19:39:34,-08:00,2025-01-31T19:39:34-08:00,0,51
index.html,9,html,da97df60,dhp003,2025-01-31,19:39:34,-08:00,2025-01-31T19:39:34-08:00,0,47
index.html,10,html,8a2625ae,dhp003,2025-01-10,11:02:01,-08:00,2025-01-10T11:02:01-08:00,0,6
index.html,11,html,8a2625ae,dhp003,2025-01-10,11:02:01,-08:00,2025-01-10T11:02:01-08:00,0,5
index.html,12,html,8a2625ae,dhp003,2025-01-10,11:02:01,-08:00,2025-01-10T11:02:01-08:00,0,14
index.html,13,html,8a2625ae,dhp003,2025-01-10,11:02:01,-08:00,2025-01-10T11:02:01-08:00,0,106
index.html,14,html,b7724f8f,dhp003,2025-01-10,11:11:43,-08:00,2025-01-10T11:11:43-08:00,0,74
index.html,15,html,da97df60,dhp003,2025-01-31,19:39:34,-08:00,2025-01-31T19:39:34-08:00,0,23
index.html,16,html,da97df60,dhp003,2025-01-31,19:39:34,-08:00,2025-01-31T19:39:34-08:00,0,21
index.html,17,html,da97df60,dhp003,2025-01-31,19:39:34,-08:00,2025-01-31T19:39:34-08:00,0,50
index.html,18,html,da97df60,dhp003,2025-01-31,19:39:34,-08:00,2025-01-31T19:39:34-08:00,0,5
index.html,19,html,da97df60,dhp003,2025-01-31,19:39:34,-08:00,2025-01-31T19:39:34-08:00,0,23
index.html,20,html,da97df60,dhp003,2025-01-31,19:39:34,-08:00,2025-01-31T19:39:34-08:00,0,23
index.html,21,html,da97df60,dhp003,2025-01-31,19:39:34,-08:00,2025-01-31T19:39:34-08:00,0,54
index.html,22,html,da97df60,dhp003,2025-01-31,19:39:34,-08:00,2025-01-31T19:39:34-08:00,0,5
index.html,23,html,8a2625ae,dhp003,2025-01-10,11:02:01,-08:00,2025-01-10T11:02:01-08:00,0,6
index.html,24,html,8a2625ae,dhp003,2025-01-10,11:02:01,-08:00,2025-01-10T11:02:01-08:00,0,6
global.js,1,js,cb8bae72,dhp003,2025-01-24,18:29:52,-08:00,2025-01-24T18:29:52-08:00,0,26
global.js,2,js,cb8bae72,dhp003,2025-01-24,18:29:52,-08:00,2025-01-24T18:29:52-08:00,0,0
global.js,3,js,a2b08831,dhp003,2025-01-24,19:23:10,-08:00,2025-01-24T19:23:10-08:00,0,42
global.js,4,js,a2b08831,dhp003,2025-01-24,19:23:10,-08:00,2025-01-24T19:23:10-08:00,0,53
global.js,5,js,a2b08831,dhp003,2025-01-24,19:23:10,-08:00,2025-01-24T19:23:10-08:00,0,0
global.js,6,js,a2b08831,dhp003,2025-01-24,19:23:10,-08:00,2025-01-24T19:23:10-08:00,0,0
global.js,7,js,cb8bae72,dhp003,2025-01-24,18:29:52,-08:00,2025-01-24T18:29:52-08:00,0,32
global.js,8,js,cb8bae72,dhp003,2025-01-24,18:29:52,-08:00,2025-01-24T18:29:52-08:00,0,12
global.js,9,js,cb8bae72,dhp003,2025-01-24,18:29:52,-08:00,2025-01-24T18:29:52-08:00,0,0
global.js,10,js,cb8bae72,dhp003,2025-01-24,18:29:52,-08:00,2025-01-24T18:29:52-08:00,0,27
global.js,11,js,cb8bae72,dhp003,2025-01-24,18:29:52,-08:00,2025-01-24T18:29:52-08:00,0,5
global.js,12,js,cb8bae72,dhp003,2025-01-24,18:29:52,-08:00,2025-01-24T18:29:52-08:00,0,7
global.js,13,js,cb8bae72,dhp003,2025-01-24,18:29:52,-08:00,2025-01-24T18:29:52-08:00,0,44
global.js,14,js,cb8bae72,dhp003,2025-01-24,18:29:52,-08:00,2025-01-24T18:29:52-08:00,0,35
global.js,15,js,cb8bae72,dhp003,2025-01-24,18:29:52,-08:00,2025-01-24T18:29:52-08:00,0,33
global.js,16,js,cb8bae72,dhp003,2025-01-24,18:29:52,-08:00,2025-01-24T18:29:52-08:00,0,8
global.js,17,js,cb8bae72,dhp003,2025-01-24,18:29:52,-08:00,2025-01-24T18:29:52-08:00,0,7
global.js,18,js,cb8bae72,dhp003,2025-01-24,18:29:52,-08:00,2025-01-24T18:29:52-08:00,0,0
global.js,19,js,cb8bae72,dhp003,2025-01-24,18:29:52,-08:00,2025-01-24T18:29:52-08:00,0,1
global.js,20,js,a2b08831,dhp003,2025-01-24,19:23:10,-08:00,2025-01-24T19:23:10-08:00,0,0
global.js,21,js,a2b08831,dhp003,2025-01-24,19:23:10,-08:00,2025-01-24T19:23:10-08:00,0,61
global.js,22,js,a2b08831,dhp003,2025-01-24,19:23:10,-08:00,2025-01-24T19:23:10-08:00,0,0
global.js,23,js,a2b08831,dhp003,2025-01-24,19:23:10,-08:00,2025-01-24T19:23:10-08:00,0,50
global.js,24,js,cb8bae72,dhp003,2025-01-24,18:29:52,-08:00,2025-01-24T18:29:52-08:00,0,40
global.js,25,js,cb8bae72,dhp003,2025-01-24,18:29:52,-08:00,2025-01-24T18:29:52-08:00,0,73
global.js,26,js,cb8bae72,dhp003,2025-01-24,18:29:52,-08:00,2025-01-24T18:29:52-08:00,0,0
global.js,27,js,cb8bae72,dhp003,2025-01-24,18:29:52,-08:00,2025-01-24T18:29:52-08:00,0,40
global.js,28,js,cb8bae72,dhp003,2025-01-24,18:29:52,-08:00,2025-01-24T18:29:52-08:00,0,2
global.js,29,js,cb8bae72,dhp003,2025-01-24,18:29:52,-08:00,2025-01-24T18:29:52-08:00,0,0
global.js,30,js,a2b08831,dhp003,2025-01-24,19:23:10,-08:00,2025-01-24T19:23:10-08:00,0,30
global.js,31,js,cb8bae72,dhp003,2025-01-24,18:29:52,-08:00,2025-01-24T18:29:52-08:00,0,43
global.js,32,js,cb8bae72,dhp003,2025-01-24,18:29:52,-08:00,2025-01-24T18:29:52-08:00,0,70
global.js,33,js,cb8bae72,dhp003,2025-01-24,18:29:52,-08:00,2025-01-24T18:29:52-08:00,0,25
global.js,34,js,cb8bae72,dhp003,2025-01-24,18:29:52,-08:00,2025-01-24T18:29:52-08:00,0,7
global.js,35,js,cb8bae72,dhp003,2025-01-24,18:29:52,-08:00,2025-01-24T18:29:52-08:00,0,76
global.js,36,js,cb8bae72,dhp003,2025-01-24,18:29:52,-08:00,2025-01-24T18:29:52-08:00,0,89
global.js,37,js,cb8bae72,dhp003,2025-01-24,18:29:52,-08:00,2025-01-24T18:29:52-08:00,0,44
global.js,38,js,cb8bae72,dhp003,2025-01-24,18:29:52,-08:00,2025-01-24T18:29:52-08:00,0,0
global.js,39,js,a2b08831,dhp003,2025-01-24,19:23:10,-08:00,2025-01-24T19:23:10-08:00,0,0
global.js,40,js,1cf75663,dhp003,2025-01-24,19:08:45,-08:00,2025-01-24T19:08:45-08:00,0,12
global.js,41,js,891c9ee0,dhp003,2025-01-24,20:00:28,-08:00,2025-01-24T20:00:28-08:00,0,36
global.js,42,js,73b29993,dhp003,2025-01-24,19:56:43,-08:00,2025-01-24T19:56:43-08:00,0,50
global.js,43,js,73b29993,dhp003,2025-01-24,19:56:43,-08:00,2025-01-24T19:56:43-08:00,0,48
global.js,44,js,73b29993,dhp003,2025-01-24,19:56:43,-08:00,2025-01-24T19:56:43-08:00,0,46
global.js,45,js,63d35e01,dhp003,2025-02-13,21:11:31,-08:00,2025-02-13T21:11:31-08:00,0,42
global.js,46,js,d2fef258,dhp003,2025-01-24,18:58:50,-08:00,2025-01-24T18:58:50-08:00,0,52
global.js,47,js,1cf75663,dhp003,2025-01-24,19:08:45,-08:00,2025-01-24T19:08:45-08:00,0,1
global.js,48,js,a2b08831,dhp003,2025-01-24,19:23:10,-08:00,2025-01-24T19:23:10-08:00,0,0
global.js,49,js,1cf75663,dhp003,2025-01-24,19:08:45,-08:00,2025-01-24T19:08:45-08:00,0,39
global.js,50,js,1cf75663,dhp003,2025-01-24,19:08:45,-08:00,2025-01-24T19:08:45-08:00,0,26
global.js,51,js,1cf75663,dhp003,2025-01-24,19:08:45,-08:00,2025-01-24T19:08:45-08:00,0,0
global.js,52,js,a2b08831,dhp003,2025-01-24,19:23:10,-08:00,2025-01-24T19:23:10-08:00,0,71
global.js,53,js,a2b08831,dhp003,2025-01-24,19:23:10,-08:00,2025-01-24T19:23:10-08:00,0,0
global.js,54,js,a2b08831,dhp003,2025-01-24,19:23:10,-08:00,2025-01-24T19:23:10-08:00,0,21
global.js,55,js,cb8bae72,dhp003,2025-01-24,18:29:52,-08:00,2025-01-24T18:29:52-08:00,0,15
global.js,56,js,a2b08831,dhp003,2025-01-24,19:23:10,-08:00,2025-01-24T19:23:10-08:00,0,21
global.js,57,js,cb8bae72,dhp003,2025-01-24,18:29:52,-08:00,2025-01-24T18:29:52-08:00,0,0
global.js,58,js,1cf75663,dhp003,2025-01-24,19:08:45,-08:00,2025-01-24T19:08:45-08:00,0,35
global.js,59,js,cb8bae72,dhp003,2025-01-24,18:29:52,-08:00,2025-01-24T18:29:52-08:00,0,12
global.js,60,js,cb8bae72,dhp003,2025-01-24,18:29:52,-08:00,2025-01-24T18:29:52-08:00,0,21
global.js,61,js,cb8bae72,dhp003,2025-01-24,18:29:52,-08:00,2025-01-24T18:29:52-08:00,0,0
global.js,62,js,1cf75663,dhp003,2025-01-24,19:08:45,-08:00,2025-01-24T19:08:45-08:00,0,66
global.js,63,js,1cf75663,dhp003,2025-01-24,19:08:45,-08:00,2025-01-24T19:08:45-08:00,0,26
global.js,64,js,1cf75663,dhp003,2025-01-24,19:08:45,-08:00,2025-01-24T19:08:45-08:00,0,0
global.js,65,js,1cf75663,dhp003,2025-01-24,19:08:45,-08:00,2025-01-24T19:08:45-08:00,0,0
global.js,66,js,cb8bae72,dhp003,2025-01-24,18:29:52,-08:00,2025-01-24T18:29:52-08:00,0,30
global.js,67,js,1cf75663,dhp003,2025-01-24,19:08:45,-08:00,2025-01-24T19:08:45-08:00,0,19
global.js,68,js,a2b08831,dhp003,2025-01-24,19:23:10,-08:00,2025-01-24T19:23:10-08:00,0,29
global.js,69,js,cb8bae72,dhp003,2025-01-24,18:29:52,-08:00,2025-01-24T18:29:52-08:00,0,0
global.js,70,js,1cf75663,dhp003,2025-01-24,19:08:45,-08:00,2025-01-24T19:08:45-08:00,0,0
global.js,71,js,cb8bae72,dhp003,2025-01-24,18:29:52,-08:00,2025-01-24T18:29:52-08:00,0,13
global.js,72,js,cb8bae72,dhp003,2025-01-24,18:29:52,-08:00,2025-01-24T18:29:52-08:00,0,0
global.js,73,js,6d643729,dhp003,2025-01-24,19:48:49,-08:00,2025-01-24T19:48:49-08:00,0,0
global.js,74,js,a2b08831,dhp003,2025-01-24,19:23:10,-08:00,2025-01-24T19:23:10-08:00,0,26
global.js,75,js,a2b08831,dhp003,2025-01-24,19:23:10,-08:00,2025-01-24T19:23:10-08:00,0,31
global.js,76,js,a2b08831,dhp003,2025-01-24,19:23:10,-08:00,2025-01-24T19:23:10-08:00,0,66
global.js,77,js,a2b08831,dhp003,2025-01-24,19:23:10,-08:00,2025-01-24T19:23:10-08:00,0,1
global.js,78,js,a2b08831,dhp003,2025-01-24,19:23:10,-08:00,2025-01-24T19:23:10-08:00,0,37
global.js,79,js,da97df60,dhp003,2025-01-31,19:39:34,-08:00,2025-01-31T19:39:34-08:00,0,0
global.js,80,js,da97df60,dhp003,2025-01-31,19:39:34,-08:00,2025-01-31T19:39:34-08:00,0,37
global.js,81,js,da97df60,dhp003,2025-01-31,19:39:34,-08:00,2025-01-31T19:39:34-08:00,0,4
global.js,82,js,da97df60,dhp003,2025-01-31,19:39:34,-08:00,2025-01-31T19:39:34-08:00,0,40
global.js,83,js,da97df60,dhp003,2025-01-31,19:39:34,-08:00,2025-01-31T19:39:34-08:00,0,33
global.js,84,js,da97df60,dhp003,2025-01-31,19:39:34,-08:00,2025-01-31T19:39:34-08:00,0,79
global.js,85,js,da97df60,dhp003,2025-01-31,19:39:34,-08:00,2025-01-31T19:39:34-08:00,0,18
global.js,86,js,da97df60,dhp003,2025-01-31,19:39:34,-08:00,2025-01-31T19:39:34-08:00,0,67
global.js,87,js,da97df60,dhp003,2025-01-31,19:39:34,-08:00,2025-01-31T19:39:34-08:00,0,0
global.js,88,js,da97df60,dhp003,2025-01-31,19:39:34,-08:00,2025-01-31T19:39:34-08:00,0,21
global.js,89,js,da97df60,dhp003,2025-01-31,19:39:34,-08:00,2025-01-31T19:39:34-08:00,0,34
global.js,90,js,da97df60,dhp003,2025-01-31,19:39:34,-08:00,2025-01-31T19:39:34-08:00,0,11
global.js,91,js,da97df60,dhp003,2025-01-31,19:39:34,-08:00,2025-01-31T19:39:34-08:00,0,16
global.js,92,js,da97df60,dhp003,2025-01-31,19:39:34,-08:00,2025-01-31T19:39:34-08:00,0,60
global.js,93,js,da97df60,dhp003,2025-01-31,19:39:34,-08:00,2025-01-31T19:39:34-08:00,0,0
global.js,94,js,da97df60,dhp003,2025-01-31,19:39:34,-08:00,2025-01-31T19:39:34-08:00,0,0
global.js,95,js,da97df60,dhp003,2025-01-31,19:39:34,-08:00,2025-01-31T19:39:34-08:00,0,0
global.js,96,js,da97df60,dhp003,2025-01-31,19:39:34,-08:00,2025-01-31T19:39:34-08:00,0,80
global.js,97,js,da97df60,dhp003,2025-01-31,19:39:34,-08:00,2025-01-31T19:39:34-08:00,0,23
global.js,98,js,da97df60,dhp003,2025-01-31,19:39:34,-08:00,2025-01-31T19:39:34-08:00,0,57
global.js,99,js,da97df60,dhp003,2025-01-31,19:39:34,-08:00,2025-01-31T19:39:34-08:00,0,6
global.js,100,js,da97df60,dhp003,2025-01-31,19:39:34,-08:00,2025-01-31T19:39:34-08:00,0,0
global.js,101,js,da97df60,dhp003,2025-01-31,19:39:34,-08:00,2025-01-31T19:39:34-08:00,0,38
global.js,102,js,da97df60,dhp003,2025-01-31,19:39:34,-08:00,2025-01-31T19:39:34-08:00,0,31
global.js,103,js,da97df60,dhp003,2025-01-31,19:39:34,-08:00,2025-01-31T19:39:34-08:00,0,0
global.js,104,js,da97df60,dhp003,2025-01-31,19:39:34,-08:00,2025-01-31T19:39:34-08:00,0,43
global.js,105,js,da97df60,dhp003,2025-01-31,19:39:34,-08:00,2025-01-31T19:39:34-08:00,0,30
global.js,106,js,da97df60,dhp003,2025-01-31,19:39:34,-08:00,2025-01-31T19:39:34-08:00,0,50
global.js,107,js,da97df60,dhp003,2025-01-31,19:39:34,-08:00,2025-01-31T19:39:34-08:00,0,6
global.js,108,js,da97df60,dhp003,2025-01-31,19:39:34,-08:00,2025-01-31T19:39:34-08:00,0,0
global.js,109,js,da97df60,dhp003,2025-01-31,19:39:34,-08:00,2025-01-31T19:39:34-08:00,0,0
global.js,110,js,da97df60,dhp003,2025-01-31,19:39:34,-08:00,2025-01-31T19:39:34-08:00,0,57
global.js,111,js,da97df60,dhp003,2025-01-31,19:39:34,-08:00,2025-01-31T19:39:34-08:00,0,27
global.js,112,js,da97df60,dhp003,2025-01-31,19:39:34,-08:00,2025-01-31T19:39:34-08:00,0,60
global.js,113,js,da97df60,dhp003,2025-01-31,19:39:34,-08:00,2025-01-31T19:39:34-08:00,0,6
global.js,114,js,da97df60,dhp003,2025-01-31,19:39:34,-08:00,2025-01-31T19:39:34-08:00,0,0
global.js,115,js,da97df60,dhp003,2025-01-31,19:39:34,-08:00,2025-01-31T19:39:34-08:00,0,0
global.js,116,js,da97df60,dhp003,2025-01-31,19:39:34,-08:00,2025-01-31T19:39:34-08:00,0,69
global.js,117,js,da97df60,dhp003,2025-01-31,19:39:34,-08:00,2025-01-31T19:39:34-08:00,0,28
global.js,118,js,da97df60,dhp003,2025-01-31,19:39:34,-08:00,2025-01-31T19:39:34-08:00,0,49
global.js,119,js,da97df60,dhp003,2025-01-31,19:39:34,-08:00,2025-01-31T19:39:34-08:00,0,20
global.js,120,js,da97df60,dhp003,2025-01-31,19:39:34,-08:00,2025-01-31T19:39:34-08:00,0,50
global.js,121,js,da97df60,dhp003,2025-01-31,19:39:34,-08:00,2025-01-31T19:39:34-08:00,0,50
global.js,122,js,5759cecf,dhp003,2025-02-08,16:41:03,-08:00,2025-02-08T16:41:03-08:00,0,25
global.js,123,js,5759cecf,dhp003,2025-02-08,16:41:03,-08:00,2025-02-08T16:41:03-08:00,0,28
global.js,124,js,5759cecf,dhp003,2025-02-08,16:41:03,-08:00,2025-02-08T16:41:03-08:00,0,42
global.js,125,js,5759cecf,dhp003,2025-02-08,16:41:03,-08:00,2025-02-08T16:41:03-08:00,0,5
global.js,126,js,da97df60,dhp003,2025-01-31,19:39:34,-08:00,2025-01-31T19:39:34-08:00,0,1
global.js,127,js,da97df60,dhp003,2025-01-31,19:39:34,-08:00,2025-01-31T19:39:34-08:00,0,37
global.js,128,js,da97df60,dhp003,2025-01-31,19:39:34,-08:00,2025-01-31T19:39:34-08:00,0,2
global.js,129,js,da97df60,dhp003,2025-01-31,19:39:34,-08:00,2025-01-31T19:39:34-08:00,0,0
global.js,130,js,da97df60,dhp003,2025-01-31,19:39:34,-08:00,2025-01-31T19:39:34-08:00,0,0
global.js,131,js,da97df60,dhp003,2025-01-31,19:39:34,-08:00,2025-01-31T19:39:34-08:00,0,48
global.js,132,js,da97df60,dhp003,2025-01-31,19:39:34,-08:00,2025-01-31T19:39:34-08:00,0,23
global.js,133,js,da97df60,dhp003,2025-01-31,19:39:34,-08:00,2025-01-31T19:39:34-08:00,0,60
global.js,134,js,da97df60,dhp003,2025-01-31,19:39:34,-08:00,2025-01-31T19:39:34-08:00,0,0
resume/index.html,1,html,912fc466,dhp003,2025-01-10,14:54:06,-08:00,2025-01-10T14:54:06-08:00,0,14
resume/index.html,2,html,912fc466,dhp003,2025-01-10,14:54:06,-08:00,2025-01-10T14:54:06-08:00,0,15
resume/index.html,3,html,912fc466,dhp003,2025-01-10,14:54:06,-08:00,2025-01-10T14:54:06-08:00,0,5
resume/index.html,4,html,912fc466,dhp003,2025-01-10,14:54:06,-08:00,2025-01-10T14:54:06-08:00,0,21
resume/index.html,5,html,912fc466,dhp003,2025-01-10,14:54:06,-08:00,2025-01-10T14:54:06-08:00,0,69
resume/index.html,6,html,912fc466,dhp003,2025-01-10,14:54:06,-08:00,2025-01-10T14:54:06-08:00,0,35
resume/index.html,7,html,912fc466,dhp003,2025-01-10,14:54:06,-08:00,2025-01-10T14:54:06-08:00,0,42
resume/index.html,8,html,cb8bae72,dhp003,2025-01-24,18:29:52,-08:00,2025-01-24T18:29:52-08:00,0,49
resume/index.html,9,html,912fc466,dhp003,2025-01-10,14:54:06,-08:00,2025-01-10T14:54:06-08:00,0,6
resume/index.html,10,html,912fc466,dhp003,2025-01-10,14:54:06,-08:00,2025-01-10T14:54:06-08:00,0,5
resume/index.html,11,html,912fc466,dhp003,2025-01-10,14:54:06,-08:00,2025-01-10T14:54:06-08:00,0,0
resume/index.html,12,html,912fc466,dhp003,2025-01-10,14:54:06,-08:00,2025-01-10T14:54:06-08:00,0,20
resume/index.html,13,html,912fc466,dhp003,2025-01-10,14:54:06,-08:00,2025-01-10T14:54:06-08:00,0,168
resume/index.html,14,html,912fc466,dhp003,2025-01-10,14:54:06,-08:00,2025-01-10T14:54:06-08:00,0,0
resume/index.html,15,html,912fc466,dhp003,2025-01-10,14:54:06,-08:00,2025-01-10T14:54:06-08:00,0,8
resume/index.html,16,html,912fc466,dhp003,2025-01-10,14:54:06,-08:00,2025-01-10T14:54:06-08:00,0,7
resume/index.html,17,html,912fc466,dhp003,2025-01-10,14:54:06,-08:00,2025-01-10T14:54:06-08:00,0,17
resume/index.html,18,html,912fc466,dhp003,2025-01-10,14:54:06,-08:00,2025-01-10T14:54:06-08:00,0,8
resume/index.html,19,html,912fc466,dhp003,2025-01-10,14:54:06,-08:00,2025-01-10T14:54:06-08:00,0,8
resume/index.html,20,html,912fc466,dhp003,2025-01-10,14:54:06,-08:00,2025-01-10T14:54:06-08:00,0,43
resume/index.html,21,html,912fc466,dhp003,2025-01-10,14:54:06,-08:00,2025-01-10T14:54:06-08:00,0,63
resume/index.html,22,html,912fc466,dhp003,2025-01-10,14:54:06,-08:00,2025-01-10T14:54:06-08:00,0,35
resume/index.html,23,html,912fc466,dhp003,2025-01-10,14:54:06,-08:00,2025-01-10T14:54:06-08:00,0,223
resume/index.html,24,html,912fc466,dhp003,2025-01-10,14:54:06,-08:00,2025-01-10T14:54:06-08:00,0,9
resume/index.html,25,html,912fc466,dhp003,2025-01-10,14:54:06,-08:00,2025-01-10T14:54:06-08:00,0,9
resume/index.html,26,html,912fc466,dhp003,2025-01-10,14:54:06,-08:00,2025-01-10T14:54:06-08:00,0,0
resume/index.html,27,html,912fc466,dhp003,2025-01-10,14:54:06,-08:00,2025-01-10T14:54:06-08:00,0,8
resume/index.html,28,html,912fc466,dhp003,2025-01-10,14:54:06,-08:00,2025-01-10T14:54:06-08:00,0,7
resume/index.html,29,html,912fc466,dhp003,2025-01-10,14:54:06,-08:00,2025-01-10T14:54:06-08:00,0,18
resume/index.html,30,html,912fc466,dhp003,2025-01-10,14:54:06,-08:00,2025-01-10T14:54:06-08:00,0,8
resume/index.html,31,html,912fc466,dhp003,2025-01-10,14:54:06,-08:00,2025-01-10T14:54:06-08:00,0,8
resume/index.html,32,html,912fc466,dhp003,2025-01-10,14:54:06,-08:00,2025-01-10T14:54:06-08:00,0,37
resume/index.html,33,html,912fc466,dhp003,2025-01-10,14:54:06,-08:00,2025-01-10T14:54:06-08:00,0,47
resume/index.html,34,html,912fc466,dhp003,2025-01-10,14:54:06,-08:00,2025-01-10T14:54:06-08:00,0,3
resume/index.html,35,html,912fc466,dhp003,2025-01-10,14:54:06,-08:00,2025-01-10T14:54:06-08:00,0,103
resume/index.html,36,html,912fc466,dhp003,2025-01-10,14:54:06,-08:00,2025-01-10T14:54:06-08:00,0,82
resume/index.html,37,html,912fc466,dhp003,2025-01-10,14:54:06,-08:00,2025-01-10T14:54:06-08:00,0,116
resume/index.html,38,html,912fc466,dhp003,2025-01-10,14:54:06,-08:00,2025-01-10T14:54:06-08:00,0,4
resume/index.html,39,html,912fc466,dhp003,2025-01-10,14:54:06,-08:00,2025-01-10T14:54:06-08:00,0,9
resume/index.html,40,html,912fc466,dhp003,2025-01-10,14:54:06,-08:00,2025-01-10T14:54:06-08:00,0,8
resume/index.html,41,html,912fc466,dhp003,2025-01-10,14:54:06,-08:00,2025-01-10T14:54:06-08:00,0,49
resume/index.html,42,html,912fc466,dhp003,2025-01-10,14:54:06,-08:00,2025-01-10T14:54:06-08:00,0,50
resume/index.html,43,html,912fc466,dhp003,2025-01-10,14:54:06,-08:00,2025-01-10T14:54:06-08:00,0,3
resume/index.html,44,html,912fc466,dhp003,2025-01-10,14:54:06,-08:00,2025-01-10T14:54:06-08:00,0,109
resume/index.html,45,html,912fc466,dhp003,2025-01-10,14:54:06,-08:00,2025-01-10T14:54:06-08:00,0,106
resume/index.html,46,html,912fc466,dhp003,2025-01-10,14:54:06,-08:00,2025-01-10T14:54:06-08:00,0,72
resume/index.html,47,html,912fc466,dhp003,2025-01-10,14:54:06,-08:00,2025-01-10T14:54:06-08:00,0,4
resume/index.html,48,html,912fc466,dhp003,2025-01-10,14:54:06,-08:00,2025-01-10T14:54:06-08:00,0,9
resume/index.html,49,html,912fc466,dhp003,2025-01-10,14:54:06,-08:00,2025-01-10T14:54:06-08:00,0,9
resume/index.html,50,html,912fc466,dhp003,2025-01-10,14:54:06,-08:00,2025-01-10T14:54:06-08:00,0,0
resume/index.html,51,html,912fc466,dhp003,2025-01-10,14:54:06,-08:00,2025-01-10T14:54:06-08:00,0,8
resume/index.html,52,html,912fc466,dhp003,2025-01-10,14:54:06,-08:00,2025-01-10T14:54:06-08:00,0,7
resume/index.html,53,html,912fc466,dhp003,2025-01-10,14:54:06,-08:00,2025-01-10T14:54:06-08:00,0,16
resume/index.html,54,html,912fc466,dhp003,2025-01-10,14:54:06,-08:00,2025-01-10T14:54:06-08:00,0,8
resume/index.html,55,html,912fc466,dhp003,2025-01-10,14:54:06,-08:00,2025-01-10T14:54:06-08:00,0,8
resume/index.html,56,html,912fc466,dhp003,2025-01-10,14:54:06,-08:00,2025-01-10T14:54:06-08:00,0,23
resume/index.html,57,html,912fc466,dhp003,2025-01-10,14:54:06,-08:00,2025-01-10T14:54:06-08:00,0,40
resume/index.html,58,html,912fc466,dhp003,2025-01-10,14:54:06,-08:00,2025-01-10T14:54:06-08:00,0,3
resume/index.html,59,html,912fc466,dhp003,2025-01-10,14:54:06,-08:00,2025-01-10T14:54:06-08:00,0,96
resume/index.html,60,html,912fc466,dhp003,2025-01-10,14:54:06,-08:00,2025-01-10T14:54:06-08:00,0,74
resume/index.html,61,html,912fc466,dhp003,2025-01-10,14:54:06,-08:00,2025-01-10T14:54:06-08:00,0,4
resume/index.html,62,html,912fc466,dhp003,2025-01-10,14:54:06,-08:00,2025-01-10T14:54:06-08:00,0,9
resume/index.html,63,html,912fc466,dhp003,2025-01-10,14:54:06,-08:00,2025-01-10T14:54:06-08:00,0,8
resume/index.html,64,html,912fc466,dhp003,2025-01-10,14:54:06,-08:00,2025-01-10T14:54:06-08:00,0,26
resume/index.html,65,html,912fc466,dhp003,2025-01-10,14:54:06,-08:00,2025-01-10T14:54:06-08:00,0,32
resume/index.html,66,html,912fc466,dhp003,2025-01-10,14:54:06,-08:00,2025-01-10T14:54:06-08:00,0,3
resume/index.html,67,html,912fc466,dhp003,2025-01-10,14:54:06,-08:00,2025-01-10T14:54:06-08:00,0,103
resume/index.html,68,html,912fc466,dhp003,2025-01-10,14:54:06,-08:00,2025-01-10T14:54:06-08:00,0,81
resume/index.html,69,html,912fc466,dhp003,2025-01-10,14:54:06,-08:00,2025-01-10T14:54:06-08:00,0,4
resume/index.html,70,html,912fc466,dhp003,2025-01-10,14:54:06,-08:00,2025-01-10T14:54:06-08:00,0,9
resume/index.html,71,html,912fc466,dhp003,2025-01-10,14:54:06,-08:00,2025-01-10T14:54:06-08:00,0,8
resume/index.html,72,html,912fc466,dhp003,2025-01-10,14:54:06,-08:00,2025-01-10T14:54:06-08:00,0,40
resume/index.html,73,html,912fc466,dhp003,2025-01-10,14:54:06,-08:00,2025-01-10T14:54:06-08:00,0,33
resume/index.html,74,html,912fc466,dhp003,2025-01-10,14:54:06,-08:00,2025-01-10T14:54:06-08:00,0,3
resume/index.html,75,html,912fc466,dhp003,2025-01-10,14:54:06,-08:00,2025-01-10T14:54:06-08:00,0,108
resume/index.html,76,html,912fc466,dhp003,2025-01-10,14:54:06,-08:00,2025-01-10T14:54:06-08:00,0,154
resume/index.html,77,html,912fc466,dhp003,2025-01-10,14:54:06,-08:00,2025-01-10T14:54:06-08:00,0,4
resume/index.html,78,html,912fc466,dhp003,2025-01-10,14:54:06,-08:00,2025-01-10T14:54:06-08:00,0,9
resume/index.html,79,html,912fc466,dhp003,2025-01-10,14:54:06,-08:00,2025-01-10T14:54:06-08:00,0,9
resume/index.html,80,html,912fc466,dhp003,2025-01-10,14:54:06,-08:00,2025-01-10T14:54:06-08:00,0,0
resume/index.html,81,html,912fc466,dhp003,2025-01-10,14:54:06,-08:00,2025-01-10T14:54:06-08:00,0,8
resume/index.html,82,html,912fc466,dhp003,2025-01-10,14:54:06,-08:00,2025-01-10T14:54:06-08:00,0,7
resume/index.html,83,html,912fc466,dhp003,2025-01-10,14:54:06,-08:00,2025-01-10T14:54:06-08:00,0,18
resume/index.html,84,html,912fc466,dhp003,2025-01-10,14:54:06,-08:00,2025-01-10T14:54:06-08:00,0,8
resume/index.html,85,html,912fc466,dhp003,2025-01-10,14:54:06,-08:00,2025-01-10T14:54:06-08:00,0,8
resume/index.html,86,html,912fc466,dhp003,2025-01-10,14:54:06,-08:00,2025-01-10T14:54:06-08:00,0,26
resume/index.html,87,html,912fc466,dhp003,2025-01-10,14:54:06,-08:00,2025-01-10T14:54:06-08:00,0,48
resume/index.html,88,html,912fc466,dhp003,2025-01-10,14:54:06,-08:00,2025-01-10T14:54:06-08:00,0,3
resume/index.html,89,html,912fc466,dhp003,2025-01-10,14:54:06,-08:00,2025-01-10T14:54:06-08:00,0,92
resume/index.html,90,html,912fc466,dhp003,2025-01-10,14:54:06,-08:00,2025-01-10T14:54:06-08:00,0,88
resume/index.html,91,html,912fc466,dhp003,2025-01-10,14:54:06,-08:00,2025-01-10T14:54:06-08:00,0,4
resume/index.html,92,html,912fc466,dhp003,2025-01-10,14:54:06,-08:00,2025-01-10T14:54:06-08:00,0,9
resume/index.html,93,html,912fc466,dhp003,2025-01-10,14:54:06,-08:00,2025-01-10T14:54:06-08:00,0,9
resume/index.html,94,html,912fc466,dhp003,2025-01-10,14:54:06,-08:00,2025-01-10T14:54:06-08:00,0,0
resume/index.html,95,html,912fc466,dhp003,2025-01-10,14:54:06,-08:00,2025-01-10T14:54:06-08:00,0,8
resume/index.html,96,html,912fc466,dhp003,2025-01-10,14:54:06,-08:00,2025-01-10T14:54:06-08:00,0,7
resume/index.html,97,html,912fc466,dhp003,2025-01-10,14:54:06,-08:00,2025-01-10T14:54:06-08:00,0,14
resume/index.html,98,html,912fc466,dhp003,2025-01-10,14:54:06,-08:00,2025-01-10T14:54:06-08:00,0,8
resume/index.html,99,html,912fc466,dhp003,2025-01-10,14:54:06,-08:00,2025-01-10T14:54:06-08:00,0,3
resume/index.html,100,html,912fc466,dhp003,2025-01-10,14:54:06,-08:00,2025-01-10T14:54:06-08:00,0,81
resume/index.html,101,html,912fc466,dhp003,2025-01-10,14:54:06,-08:00,2025-01-10T14:54:06-08:00,0,105
resume/index.html,102,html,912fc466,dhp003,2025-01-10,14:54:06,-08:00,2025-01-10T14:54:06-08:00,0,4
resume/index.html,103,html,912fc466,dhp003,2025-01-10,14:54:06,-08:00,2025-01-10T14:54:06-08:00,0,9
resume/index.html,104,html,912fc466,dhp003,2025-01-10,14:54:06,-08:00,2025-01-10T14:54:06-08:00,0,6
resume/index.html,105,html,912fc466,dhp003,2025-01-10,14:54:06,-08:00,2025-01-10T14:54:06-08:00,0,6
projects/projects.js,1,js,da97df60,dhp003,2025-01-31,19:39:34,-08:00,2025-01-31T19:39:34-08:00,0,56
projects/projects.js,2,js,5759cecf,dhp003,2025-02-08,16:41:03,-08:00,2025-02-08T16:41:03-08:00,0,64
projects/projects.js,3,js,5759cecf,dhp003,2025-02-08,16:41:03,-08:00,2025-02-08T16:41:03-08:00,0,0
projects/projects.js,4,js,da97df60,dhp003,2025-01-31,19:39:34,-08:00,2025-01-31T19:39:34-08:00,0,0
projects/projects.js,5,js,da97df60,dhp003,2025-01-31,19:39:34,-08:00,2025-01-31T19:39:34-08:00,0,56
projects/projects.js,6,js,da97df60,dhp003,2025-01-31,19:39:34,-08:00,2025-01-31T19:39:34-08:00,0,0
projects/projects.js,7,js,da97df60,dhp003,2025-01-31,19:39:34,-08:00,2025-01-31T19:39:34-08:00,0,61
projects/projects.js,8,js,da97df60,dhp003,2025-01-31,19:39:34,-08:00,2025-01-31T19:39:34-08:00,0,63
projects/projects.js,9,js,5759cecf,dhp003,2025-02-08,16:41:03,-08:00,2025-02-08T16:41:03-08:00,0,57
projects/projects.js,10,js,5759cecf,dhp003,2025-02-08,16:41:03,-08:00,2025-02-08T16:41:03-08:00,0,0
projects/projects.js,11,js,da97df60,dhp003,2025-01-31,19:39:34,-08:00,2025-01-31T19:39:34-08:00,0,0
projects/projects.js,12,js,da97df60,dhp003,2025-01-31,19:39:34,-08:00,2025-01-31T19:39:34-08:00,0,49
projects/projects.js,13,js,5759cecf,dhp003,2025-02-08,16:41:03,-08:00,2025-02-08T16:41:03-08:00,0,0
projects/projects.js,14,js,5759cecf,dhp003,2025-02-08,16:41:03,-08:00,2025-02-08T16:41:03-08:00,0,0
projects/projects.js,15,js,5759cecf,dhp003,2025-02-08,16:41:03,-08:00,2025-02-08T16:41:03-08:00,0,14
projects/projects.js,16,js,5759cecf,dhp003,2025-02-08,16:41:03,-08:00,2025-02-08T16:41:03-08:00,0,22
projects/projects.js,17,js,5759cecf,dhp003,2025-02-08,16:41:03,-08:00,2025-02-08T16:41:03-08:00,0,0
projects/projects.js,18,js,5759cecf,dhp003,2025-02-08,16:41:03,-08:00,2025-02-08T16:41:03-08:00,0,56
projects/projects.js,19,js,5759cecf,dhp003,2025-02-08,16:41:03,-08:00,2025-02-08T16:41:03-08:00,0,0
projects/projects.js,20,js,5759cecf,dhp003,2025-02-08,16:41:03,-08:00,2025-02-08T16:41:03-08:00,0,49
projects/projects.js,21,js,5759cecf,dhp003,2025-02-08,16:41:03,-08:00,2025-02-08T16:41:03-08:00,0,40
projects/projects.js,22,js,5759cecf,dhp003,2025-02-08,16:41:03,-08:00,2025-02-08T16:41:03-08:00,0,52
projects/projects.js,23,js,5759cecf,dhp003,2025-02-08,16:41:03,-08:00,2025-02-08T16:41:03-08:00,0,60
projects/projects.js,24,js,5759cecf,dhp003,2025-02-08,16:41:03,-08:00,2025-02-08T16:41:03-08:00,0,29
projects/projects.js,25,js,5759cecf,dhp003,2025-02-08,16:41:03,-08:00,2025-02-08T16:41:03-08:00,0,2
projects/projects.js,26,js,5759cecf,dhp003,2025-02-08,16:41:03,-08:00,2025-02-08T16:41:03-08:00,0,0
projects/projects.js,27,js,5759cecf,dhp003,2025-02-08,16:41:03,-08:00,2025-02-08T16:41:03-08:00,0,26
projects/projects.js,28,js,5759cecf,dhp003,2025-02-08,16:41:03,-08:00,2025-02-08T16:41:03-08:00,0,44
projects/projects.js,29,js,5759cecf,dhp003,2025-02-08,16:41:03,-08:00,2025-02-08T16:41:03-08:00,0,72
projects/projects.js,30,js,5759cecf,dhp003,2025-02-08,16:41:03,-08:00,2025-02-08T16:41:03-08:00,0,0
projects/projects.js,31,js,5759cecf,dhp003,2025-02-08,16:41:03,-08:00,2025-02-08T16:41:03-08:00,0,0
projects/projects.js,32,js,5759cecf,dhp003,2025-02-08,16:41:03,-08:00,2025-02-08T16:41:03-08:00,0,57
projects/projects.js,33,js,5759cecf,dhp003,2025-02-08,16:41:03,-08:00,2025-02-08T16:41:03-08:00,0,32
projects/projects.js,34,js,5759cecf,dhp003,2025-02-08,16:41:03,-08:00,2025-02-08T16:41:03-08:00,0,2
projects/projects.js,35,js,5759cecf,dhp003,2025-02-08,16:41:03,-08:00,2025-02-08T16:41:03-08:00,0,0
projects/projects.js,36,js,5759cecf,dhp003,2025-02-08,16:41:03,-08:00,2025-02-08T16:41:03-08:00,0,0
projects/projects.js,37,js,5759cecf,dhp003,2025-02-08,16:41:03,-08:00,2025-02-08T16:41:03-08:00,0,0
projects/projects.js,38,js,5759cecf,dhp003,2025-02-08,16:41:03,-08:00,2025-02-08T16:41:03-08:00,0,39
projects/projects.js,39,js,5759cecf,dhp003,2025-02-08,16:41:03,-08:00,2025-02-08T16:41:03-08:00,0,0
projects/projects.js,40,js,5759cecf,dhp003,2025-02-08,16:41:03,-08:00,2025-02-08T16:41:03-08:00,0,40
projects/projects.js,41,js,5759cecf,dhp003,2025-02-08,16:41:03,-08:00,2025-02-08T16:41:03-08:00,0,30
projects/projects.js,42,js,5759cecf,dhp003,2025-02-08,16:41:03,-08:00,2025-02-08T16:41:03-08:00,0,33
projects/projects.js,43,js,5759cecf,dhp003,2025-02-08,16:41:03,-08:00,2025-02-08T16:41:03-08:00,0,15
projects/projects.js,44,js,5759cecf,dhp003,2025-02-08,16:41:03,-08:00,2025-02-08T16:41:03-08:00,0,0
projects/projects.js,45,js,5759cecf,dhp003,2025-02-08,16:41:03,-08:00,2025-02-08T16:41:03-08:00,0,0
projects/projects.js,46,js,5759cecf,dhp003,2025-02-08,16:41:03,-08:00,2025-02-08T16:41:03-08:00,0,27
projects/projects.js,47,js,5759cecf,dhp003,2025-02-08,16:41:03,-08:00,2025-02-08T16:41:03-08:00,0,13
projects/projects.js,48,js,5759cecf,dhp003,2025-02-08,16:41:03,-08:00,2025-02-08T16:41:03-08:00,0,15
projects/projects.js,49,js,5759cecf,dhp003,2025-02-08,16:41:03,-08:00,2025-02-08T16:41:03-08:00,0,12
projects/projects.js,50,js,5759cecf,dhp003,2025-02-08,16:41:03,-08:00,2025-02-08T16:41:03-08:00,0,1
projects/projects.js,51,js,5759cecf,dhp003,2025-02-08,16:41:03,-08:00,2025-02-08T16:41:03-08:00,0,0
projects/projects.js,52,js,5759cecf,dhp003,2025-02-08,16:41:03,-08:00,2025-02-08T16:41:03-08:00,0,46
projects/projects.js,53,js,5759cecf,dhp003,2025-02-08,16:41:03,-08:00,2025-02-08T16:41:03-08:00,0,12
projects/projects.js,54,js,5759cecf,dhp003,2025-02-08,16:41:03,-08:00,2025-02-08T16:41:03-08:00,0,10
projects/projects.js,55,js,5759cecf,dhp003,2025-02-08,16:41:03,-08:00,2025-02-08T16:41:03-08:00,0,3
projects/projects.js,56,js,5759cecf,dhp003,2025-02-08,16:41:03,-08:00,2025-02-08T16:41:03-08:00,0,0
projects/projects.js,57,js,5759cecf,dhp003,2025-02-08,16:41:03,-08:00,2025-02-08T16:41:03-08:00,0,0
projects/projects.js,58,js,5759cecf,dhp003,2025-02-08,16:41:03,-08:00,2025-02-08T16:41:03-08:00,0,58
projects/projects.js,59,js,5759cecf,dhp003,2025-02-08,16:41:03,-08:00,2025-02-08T16:41:03-08:00,0,51
projects/projects.js,60,js,5759cecf,dhp003,2025-02-08,16:41:03,-08:00,2025-02-08T16:41:03-08:00,0,34
projects/projects.js,61,js,5759cecf,dhp003,2025-02-08,16:41:03,-08:00,2025-02-08T16:41:03-08:00,0,46
projects/projects.js,62,js,5759cecf,dhp003,2025-02-08,16:41:03,-08:00,2025-02-08T16:41:03-08:00,0,48
projects/projects.js,63,js,5759cecf,dhp003,2025-02-08,16:41:03,-08:00,2025-02-08T16:41:03-08:00,0,0
projects/projects.js,64,js,5759cecf,dhp003,2025-02-08,16:41:03,-08:00,2025-02-08T16:41:03-08:00,0,27
projects/projects.js,65,js,5759cecf,dhp003,2025-02-08,16:41:03,-08:00,2025-02-08T16:41:03-08:00,0,20
projects/projects.js,66,js,5759cecf,dhp003,2025-02-08,16:41:03,-08:00,2025-02-08T16:41:03-08:00,0,14
projects/projects.js,67,js,5759cecf,dhp003,2025-02-08,16:41:03,-08:00,2025-02-08T16:41:03-08:00,0,25
projects/projects.js,68,js,5759cecf,dhp003,2025-02-08,16:41:03,-08:00,2025-02-08T16:41:03-08:00,0,22
projects/projects.js,69,js,5759cecf,dhp003,2025-02-08,16:41:03,-08:00,2025-02-08T16:41:03-08:00,0,25
projects/projects.js,70,js,5759cecf,dhp003,2025-02-08,16:41:03,-08:00,2025-02-08T16:41:03-08:00,0,48
projects/projects.js,71,js,5759cecf,dhp003,2025-02-08,16:41:03,-08:00,2025-02-08T16:41:03-08:00,0,0
projects/projects.js,72,js,5759cecf,dhp003,2025-02-08,16:41:03,-08:00,2025-02-08T16:41:03-08:00,0,23
projects/projects.js,73,js,5759cecf,dhp003,2025-02-08,16:41:03,-08:00,2025-02-08T16:41:03-08:00,0,74
projects/projects.js,74,js,5759cecf,dhp003,2025-02-08,16:41:03,-08:00,2025-02-08T16:41:03-08:00,0,0
projects/projects.js,75,js,5759cecf,dhp003,2025-02-08,16:41:03,-08:00,2025-02-08T16:41:03-08:00,0,21
projects/projects.js,76,js,5759cecf,dhp003,2025-02-08,16:41:03,-08:00,2025-02-08T16:41:03-08:00,0,86
projects/projects.js,77,js,5759cecf,dhp003,2025-02-08,16:41:03,-08:00,2025-02-08T16:41:03-08:00,0,0
projects/projects.js,78,js,5759cecf,dhp003,2025-02-08,16:41:03,-08:00,2025-02-08T16:41:03-08:00,0,0
projects/projects.js,79,js,5759cecf,dhp003,2025-02-08,16:41:03,-08:00,2025-02-08T16:41:03-08:00,0,26
projects/projects.js,80,js,5759cecf,dhp003,2025-02-08,16:41:03,-08:00,2025-02-08T16:41:03-08:00,0,74
projects/projects.js,81,js,5759cecf,dhp003,2025-02-08,16:41:03,-08:00,2025-02-08T16:41:03-08:00,0,7
projects/projects.js,82,js,5759cecf,dhp003,2025-02-08,16:41:03,-08:00,2025-02-08T16:41:03-08:00,0,65
projects/projects.js,83,js,5759cecf,dhp003,2025-02-08,16:41:03,-08:00,2025-02-08T16:41:03-08:00,0,68
projects/projects.js,84,js,5759cecf,dhp003,2025-02-08,16:41:03,-08:00,2025-02-08T16:41:03-08:00,0,57
projects/projects.js,85,js,5759cecf,dhp003,2025-02-08,16:41:03,-08:00,2025-02-08T16:41:03-08:00,0,0
projects/projects.js,86,js,5759cecf,dhp003,2025-02-08,16:41:03,-08:00,2025-02-08T16:41:03-08:00,0,2
projects/projects.js,87,js,5759cecf,dhp003,2025-02-08,16:41:03,-08:00,2025-02-08T16:41:03-08:00,0,2
projects/projects.js,88,js,5759cecf,dhp003,2025-02-08,16:41:03,-08:00,2025-02-08T16:41:03-08:00,0,0
projects/projects.js,89,js,5759cecf,dhp003,2025-02-08,16:41:03,-08:00,2025-02-08T16:41:03-08:00,0,0
projects/projects.js,90,js,5759cecf,dhp003,2025-02-08,16:41:03,-08:00,2025-02-08T16:41:03-08:00,0,25
projects/projects.js,91,js,5759cecf,dhp003,2025-02-08,16:41:03,-08:00,2025-02-08T16:41:03-08:00,0,18
projects/projects.js,92,js,5759cecf,dhp003,2025-02-08,16:41:03,-08:00,2025-02-08T16:41:03-08:00,0,28
projects/projects.js,93,js,5759cecf,dhp003,2025-02-08,16:41:03,-08:00,2025-02-08T16:41:03-08:00,0,39
projects/projects.js,94,js,5759cecf,dhp003,2025-02-08,16:41:03,-08:00,2025-02-08T16:41:03-08:00,0,6
projects/projects.js,95,js,5759cecf,dhp003,2025-02-08,16:41:03,-08:00,2025-02-08T16:41:03-08:00,0,27
projects/projects.js,96,js,5759cecf,dhp003,2025-02-08,16:41:03,-08:00,2025-02-08T16:41:03-08:00,0,31
projects/projects.js,97,js,5759cecf,dhp003,2025-02-08,16:41:03,-08:00,2025-02-08T16:41:03-08:00,0,2
projects/projects.js,98,js,5759cecf,dhp003,2025-02-08,16:41:03,-08:00,2025-02-08T16:41:03-08:00,0,2
projects/projects.js,99,js,5759cecf,dhp003,2025-02-08,16:41:03,-08:00,2025-02-08T16:41:03-08:00,0,0
projects/projects.js,100,js,5759cecf,dhp003,2025-02-08,16:41:03,-08:00,2025-02-08T16:41:03-08:00,0,0
projects/projects.js,101,js,5759cecf,dhp003,2025-02-08,16:41:03,-08:00,2025-02-08T16:41:03-08:00,0,24
projects/index.html,1,html,cf81bcd3,dhp003,2025-01-10,14:33:48,-08:00,2025-01-10T14:33:48-08:00,0,14
projects/index.html,2,html,cf81bcd3,dhp003,2025-01-10,14:33:48,-08:00,2025-01-10T14:33:48-08:00,0,15
projects/index.html,3,html,cf81bcd3,dhp003,2025-01-10,14:33:48,-08:00,2025-01-10T14:33:48-08:00,0,5
projects/index.html,4,html,cf81bcd3,dhp003,2025-01-10,14:33:48,-08:00,2025-01-10T14:33:48-08:00,0,21
projects/index.html,5,html,cf81bcd3,dhp003,2025-01-10,14:33:48,-08:00,2025-01-10T14:33:48-08:00,0,69
projects/index.html,6,html,cf81bcd3,dhp003,2025-01-10,14:33:48,-08:00,2025-01-10T14:33:48-08:00,0,22
projects/index.html,7,html,321a9db0,dhp003,2025-01-17,14:00:36,-08:00,2025-01-17T14:00:36-08:00,0,42
projects/index.html,8,html,da97df60,dhp003,2025-01-31,19:39:34,-08:00,2025-01-31T19:39:34-08:00,0,49
projects/index.html,9,html,da97df60,dhp003,2025-01-31,19:39:34,-08:00,2025-01-31T19:39:34-08:00,0,48
projects/index.html,10,html,cf81bcd3,dhp003,2025-01-10,14:33:48,-08:00,2025-01-10T14:33:48-08:00,0,6
projects/index.html,11,html,cf81bcd3,dhp003,2025-01-10,14:33:48,-08:00,2025-01-10T14:33:48-08:00,0,5
projects/index.html,12,html,da97df60,dhp003,2025-01-31,19:39:34,-08:00,2025-01-31T19:39:34-08:00,0,39
projects/index.html,13,html,cf81bcd3,dhp003,2025-01-10,14:33:48,-08:00,2025-01-10T14:33:48-08:00,0,35
projects/index.html,14,html,5759cecf,dhp003,2025-02-08,16:41:03,-08:00,2025-02-08T16:41:03-08:00,0,36
projects/index.html,15,html,5759cecf,dhp003,2025-02-08,16:41:03,-08:00,2025-02-08T16:41:03-08:00,0,28
projects/index.html,16,html,5759cecf,dhp003,2025-02-08,16:41:03,-08:00,2025-02-08T16:41:03-08:00,0,55
projects/index.html,17,html,5759cecf,dhp003,2025-02-08,16:41:03,-08:00,2025-02-08T16:41:03-08:00,0,23
projects/index.html,18,html,5759cecf,dhp003,2025-02-08,16:41:03,-08:00,2025-02-08T16:41:03-08:00,0,5
projects/index.html,19,html,5759cecf,dhp003,2025-02-08,16:41:03,-08:00,2025-02-08T16:41:03-08:00,0,29
projects/index.html,20,html,5759cecf,dhp003,2025-02-08,16:41:03,-08:00,2025-02-08T16:41:03-08:00,0,0
projects/index.html,21,html,5759cecf,dhp003,2025-02-08,16:41:03,-08:00,2025-02-08T16:41:03-08:00,0,5
projects/index.html,22,html,5759cecf,dhp003,2025-02-08,16:41:03,-08:00,2025-02-08T16:41:03-08:00,0,5
projects/index.html,23,html,5759cecf,dhp003,2025-02-08,16:41:03,-08:00,2025-02-08T16:41:03-08:00,0,16
projects/index.html,24,html,5759cecf,dhp003,2025-02-08,16:41:03,-08:00,2025-02-08T16:41:03-08:00,0,12
projects/index.html,25,html,5759cecf,dhp003,2025-02-08,16:41:03,-08:00,2025-02-08T16:41:03-08:00,0,27
projects/index.html,26,html,5759cecf,dhp003,2025-02-08,16:41:03,-08:00,2025-02-08T16:41:03-08:00,0,32
projects/index.html,27,html,5759cecf,dhp003,2025-02-08,16:41:03,-08:00,2025-02-08T16:41:03-08:00,0,1
projects/index.html,28,html,6dd0a816,dhp003,2025-01-17,15:53:30,-08:00,2025-01-17T15:53:30-08:00,0,21
projects/index.html,29,html,da97df60,dhp003,2025-01-31,19:39:34,-08:00,2025-01-31T19:39:34-08:00,0,0
projects/index.html,30,html,6dd0a816,dhp003,2025-01-17,15:53:30,-08:00,2025-01-17T15:53:30-08:00,0,5
projects/index.html,31,html,cf81bcd3,dhp003,2025-01-10,14:33:48,-08:00,2025-01-10T14:33:48-08:00,0,6
projects/index.html,32,html,6dd0a816,dhp003,2025-01-17,15:53:30,-08:00,2025-01-17T15:53:30-08:00,0,6
meta/index.html,1,html,63d35e01,dhp003,2025-02-13,21:11:31,-08:00,2025-02-13T21:11:31-08:00,0,14
meta/index.html,2,html,63d35e01,dhp003,2025-02-13,21:11:31,-08:00,2025-02-13T21:11:31-08:00,0,15
meta/index.html,3,html,63d35e01,dhp003,2025-02-13,21:11:31,-08:00,2025-02-13T21:11:31-08:00,0,5
meta/index.html,4,html,63d35e01,dhp003,2025-02-13,21:11:31,-08:00,2025-02-13T21:11:31-08:00,0,21
meta/index.html,5,html,63d35e01,dhp003,2025-02-13,21:11:31,-08:00,2025-02-13T21:11:31-08:00,0,69
meta/index.html,6,html,63d35e01,dhp003,2025-02-13,21:11:31,-08:00,2025-02-13T21:11:31-08:00,0,27
meta/index.html,7,html,63d35e01,dhp003,2025-02-13,21:11:31,-08:00,2025-02-13T21:11:31-08:00,0,42
meta/index.html,8,html,63d35e01,dhp003,2025-02-13,21:11:31,-08:00,2025-02-13T21:11:31-08:00,0,6
meta/index.html,9,html,63d35e01,dhp003,2025-02-13,21:11:31,-08:00,2025-02-13T21:11:31-08:00,0,5
meta/index.html,10,html,63d35e01,dhp003,2025-02-13,21:11:31,-08:00,2025-02-13T21:11:31-08:00,0,21
meta/index.html,11,html,63d35e01,dhp003,2025-02-13,21:11:31,-08:00,2025-02-13T21:11:31-08:00,0,40
meta/index.html,12,html,63d35e01,dhp003,2025-02-13,21:11:31,-08:00,2025-02-13T21:11:31-08:00,0,6
meta/index.html,13,html,63d35e01,dhp003,2025-02-13,21:11:31,-08:00,2025-02-13T21:11:31-08:00,0,6
contact/index.html,1,html,cf81bcd3,dhp003,2025-01-10,14:33:48,-08:00,2025-01-10T14:33:48-08:00,0,14
contact/index.html,2,html,cf81bcd3,dhp003,2025-01-10,14:33:48,-08:00,2025-01-10T14:33:48-08:00,0,15
contact/index.html,3,html,cf81bcd3,dhp003,2025-01-10,14:33:48,-08:00,2025-01-10T14:33:48-08:00,0,5
contact/index.html,4,html,cf81bcd3,dhp003,2025-01-10,14:33:48,-08:00,2025-01-10T14:33:48-08:00,0,21
contact/index.html,5,html,cf81bcd3,dhp003,2025-01-10,14:33:48,-08:00,2025-01-10T14:33:48-08:00,0,69
contact/index.html,6,html,cf81bcd3,dhp003,2025-01-10,14:33:48,-08:00,2025-01-10T14:33:48-08:00,0,21
contact/index.html,7,html,321a9db0,dhp003,2025-01-17,14:00:36,-08:00,2025-01-17T14:00:36-08:00,0,42
contact/index.html,8,html,cb8bae72,dhp003,2025-01-24,18:29:52,-08:00,2025-01-24T18:29:52-08:00,0,49
contact/index.html,9,html,cf81bcd3,dhp003,2025-01-10,14:33:48,-08:00,2025-01-10T14:33:48-08:00,0,6
contact/index.html,10,html,cf81bcd3,dhp003,2025-01-10,14:33:48,-08:00,2025-01-10T14:33:48-08:00,0,5
contact/index.html,11,html,cf81bcd3,dhp003,2025-01-10,14:33:48,-08:00,2025-01-10T14:33:48-08:00,0,15
contact/index.html,12,html,cf81bcd3,dhp003,2025-01-10,14:33:48,-08:00,2025-01-10T14:33:48-08:00,0,34
contact/index.html,13,html,cf81bcd3,dhp003,2025-01-10,14:33:48,-08:00,2025-01-10T14:33:48-08:00,0,0
contact/index.html,14,html,cf81bcd3,dhp003,2025-01-10,14:33:48,-08:00,2025-01-10T14:33:48-08:00,0,72
contact/index.html,15,html,cf81bcd3,dhp003,2025-01-10,14:33:48,-08:00,2025-01-10T14:33:48-08:00,0,6
contact/index.html,16,html,cf81bcd3,dhp003,2025-01-10,14:33:48,-08:00,2025-01-10T14:33:48-08:00,0,5
contact/index.html,17,html,cf81bcd3,dhp003,2025-01-10,14:33:48,-08:00,2025-01-10T14:33:48-08:00,0,41
contact/index.html,18,html,cf81bcd3,dhp003,2025-01-10,14:33:48,-08:00,2025-01-10T14:33:48-08:00,0,7
contact/index.html,19,html,cf81bcd3,dhp003,2025-01-10,14:33:48,-08:00,2025-01-10T14:33:48-08:00,0,3
contact/index.html,20,html,cf81bcd3,dhp003,2025-01-10,14:33:48,-08:00,2025-01-10T14:33:48-08:00,0,6
contact/index.html,21,html,cf81bcd3,dhp003,2025-01-10,14:33:48,-08:00,2025-01-10T14:33:48-08:00,0,7
contact/index.html,22,html,cf81bcd3,dhp003,2025-01-10,14:33:48,-08:00,2025-01-10T14:33:48-08:00,0,42
contact/index.html,23,html,cf81bcd3,dhp003,2025-01-10,14:33:48,-08:00,2025-01-10T14:33:48-08:00,0,7
contact/index.html,24,html,cf81bcd3,dhp003,2025-01-10,14:33:48,-08:00,2025-01-10T14:33:48-08:00,0,3
contact/index.html,25,html,cf81bcd3,dhp003,2025-01-10,14:33:48,-08:00,2025-01-10T14:33:48-08:00,0,6
contact/index.html,26,html,cf81bcd3,dhp003,2025-01-10,14:33:48,-08:00,2025-01-10T14:33:48-08:00,0,7
contact/index.html,27,html,cf81bcd3,dhp003,2025-01-10,14:33:48,-08:00,2025-01-10T14:33:48-08:00,0,50
contact/index.html,28,html,cf81bcd3,dhp003,2025-01-10,14:33:48,-08:00,2025-01-10T14:33:48-08:00,0,7
contact/index.html,29,html,cf81bcd3,dhp003,2025-01-10,14:33:48,-08:00,2025-01-10T14:33:48-08:00,0,3
contact/index.html,30,html,cf81bcd3,dhp003,2025-01-10,14:33:48,-08:00,2025-01-10T14:33:48-08:00,0,28
contact/index.html,31,html,cf81bcd3,dhp003,2025-01-10,14:33:48,-08:00,2025-01-10T14:33:48-08:00,0,6
contact/index.html,32,html,cf81bcd3,dhp003,2025-01-10,14:33:48,-08:00,2025-01-10T14:33:48-08:00,0,6
contact/index.html,33,html,cf81bcd3,dhp003,2025-01-10,14:33:48,-08:00,2025-01-10T14:33:48-08:00,0,6
